0,1,2,3,4,5,6,7,8,9,10,11,12,13,14,15,16,17,18,19,20,21,22,23,24,25,26,27,28,29,30,31,32,33,34,35,36,37,38,39,40,41,42,43,44,45,46,47,48,49,50,51,52,53,54,55,56,57,58,59,60,61,62,63,64,65,66,67,68,69,70,71,72,73,74,75,76,77,78,79,80,81,82,83,84,85,86,87,88,89,90,91,92,93,94,95,96,97,98,99,100,101,102,103,104,105,106,107,108,109,110,111,112,113,114,115,116,117,118,119,120,121,122,123,124,125,126,127
10573,69648,46562,27786,150320,732001,418132,220398,249439,109905,87507,69702,59115,59726,134871,133048,808187,129162,623293,249027,1177246,1164553,1160883,1206708,272780,278308,2158514,1267079,279626,281595,280791,280745,280740,290793,290793,347130,349353,349353,349353,349353,1285223,353213,353213,350537,365697,1377626,366868,366868,403023,1013946,368559,1013946,1227189,368692,1448813,1481275,368711,369289,369289,369289,369289,369289,369289,1059534,369289,369289,1446235,369289,336487,469699,496260,498478,438614,496277,473970,389439,498478,389439,438614,498478,497473,498478,438290,497473,495376,498443,493032,498443,438614,496026,389953,498180,498180,438552,496024,389997,498718,499174,499174,389997,440418,440194,499579,499552,497683,495460,497787,442063,439692,439382,440867,464404,499702,499702,499702,499702,497802,439838,449607,364033,372913,372981,372681,316145,372931,372541,315140,372981
4871,2262,4350,32519,6936,38732,149296,223959,2515343,2020479,1629404,228028,640198,498542,367749,451706,82839,2871414,1957836,665294,610981,657287,765651,525887,2037602,646422,717819,737802,656915,712282,857990,758961,906771,791834,885941,401532,431832,347116,405486,353471,353471,430370,353471,404397,479659,570925,412792,574187,408461,401698,503848,401914,444693,443844,353818,489746,503845,398527,444509,444813,398527,571845,442838,426617,571877,581413,574795,574795,74966,107714,152204,153638,138430,152204,107705,126994,155479,126994,146886,155479,158589,158576,86603,115830,157637,154688,158485,154865,145043,157945,158606,107723,107703,157535,154931,86632,158531,158678,158678,158652,107726,105091,159141,159126,158002,131220,156323,130131,106506,105434,127453,111303,159165,159175,159175,123508,153659,105425,147676,156625,89386,161432,161141,161406,161011,160962,127279,160766
39449,33132,136423,92395,83857,455124,403855,356611,314799,279912,268777,273033,269784,265472,267685,267027,2085111,1508293,773702,311631,1226445,1228806,860404,335977,1132305,1291497,1511364,1511186,349814,352724,352724,352724,352724,352724,352888,439321,439195,439171,439171,439171,1419562,439202,439202,437038,460291,1453951,460692,1288104,1353112,463830,1489788,463830,464263,464519,464304,1275246,464290,1475832,464538,464538,1485474,1057554,464538,1022353,1058381,464538,962046,464538,916844,581979,679244,610926,682560,679974,643904,630551,612032,630551,686175,584741,690538,653716,664060,712385,607878,704391,602147,704480,704062,607884,650787,693233,693192,595615,711476,663892,679507,674211,716116,600545,693233,598743,601150,608548,716908,523084,651250,705359,716737,603703,651435,675026,717116,675026,709727,684256,717152,716553,484311,579947,469057,580409,580434,464522,580409,579954,471006,580446
107441,74095,65408,241161,164572,695862,118147,395564,259795,1166430,145940,715571,629108,98842,566425,88342,534733,81989,462595,133927,309894,301701,1093569,309285,1218962,1338603,1474142,1473631,323657,341119,340306,340280,341472,341466,341472,411042,410847,410833,410833,410833,1560949,1610189,1560641,410284,1650807,1579377,431834,431834,476380,1163900,434578,1169060,1411170,436106,1649406,1686616,436147,436147,436843,436843,436843,436843,436951,1176531,436951,436951,1663850,436804,457591,579245,643892,646794,553026,643866,600703,479505,646794,479505,553231,646794,646183,646794,544668,646183,641757,641785,646775,642061,636457,547614,597073,626545,626313,546567,642136,609720,618824,616166,647151,556638,627131,549422,557210,548911,647740,480806,596015,639339,647717,558510,598384,617378,648119,617366,639245,613660,648196,647523,464993,504655,405599,505243,505295,414334,505243,504941,408543,505301
6995,5028,4278,75419,141631,518191,90189,493509,348778,1203976,8374693,911215,2554821,1503033,941919,724576,85745,267239,76419,135161,132055,139725,205737,128872,223774,167795,75327,75144,133650,132539,190299,133412,211580,189476,212061,249235,191761,149051,195046,151554,191812,224989,191476,252698,87694,257652,197938,87979,205330,228220,222134,228220,196674,197202,247641,234599,231540,255787,206548,206308,255787,257675,206328,259930,257705,258341,200064,200064,153523,242247,243843,296525,152627,243843,330040,325372,297023,325372,329210,297023,317939,331470,152717,317941,319635,244278,331475,244278,152754,153140,239441,326932,326932,334420,247763,317312,329121,319162,317684,334950,330031,334934,354401,175710,336578,350840,262273,265106,337355,354954,262772,339068,322532,339366,339438,354964,322136,267971,426562,363481,272391,433870,451144,451108,433870,445289,272397,451000
63312,53376,37545,19749,90361,396389,187719,99840,91216,71345,63317,57968,53870,50389,49422,133720,860308,689346,172273,340591,328180,331297,675828,330113,1034129,1114897,1236731,1267194,334006,335790,348114,349198,354067,354067,354067,424999,424999,425085,424845,425085,1307127,1404965,1308870,417422,1484611,1256959,443923,443965,492880,974483,447079,983579,1180320,451222,1480639,1497082,451270,451270,451270,451360,451360,451360,451360,903210,1496962,451360,1269302,1269302,651826,547681,647892,655344,604547,650373,547822,598389,663437,598389,639771,663437,562018,665270,490668,547317,664049,658593,665100,658698,490668,664155,490668,547822,547822,664289,659451,490359,664918,665094,665094,665056,547855,548573,665659,665676,665615,606205,663352,606506,550138,665682,599101,550023,665934,665934,665934,665934,657873,544219,648703,543886,550847,550853,550580,550831,550749,550513,483347,432883
90755,56704,28852,185714,126333,801118,56143,221565,193606,254979,166508,235690,234063,177555,244408,175922,244666,175839,193883,213976,214396,250446,55302,214073,217048,267443,285352,285352,217377,297755,256779,219726,256779,219970,256779,294470,227682,308697,229465,309944,229000,284393,230170,301632,304191,226578,231165,305326,302991,258421,233221,258421,218599,218599,298813,246773,238510,298470,220920,220920,296184,301335,220704,305087,301335,308910,202299,202299,169011,301835,145571,271658,311065,145571,307082,304510,271696,304510,311103,271696,279914,145943,312237,280815,302712,145947,302921,145947,312192,302746,283302,311388,311388,311776,146385,299833,311280,292131,297790,268403,312230,313129,271107,315740,294886,314522,292582,305255,298302,285118,286695,296061,270671,296061,296061,290593,271043,149048,328036,167307,334045,319011,333781,289469,318898,330029,294361,167307
49403,178186,130957,122997,80557,65358,325896,289148,237513,159087,102984,75706,59640,56735,50015,49615,48305,48509,44460,99932,108605,107712,107636,106935,106221,105709,107260,107194,107144,107385,107348,107398,107512,109912,109909,132664,132404,135328,135328,135328,135340,135340,135340,135079,142098,142077,142060,142055,142055,143732,143732,143732,143946,143946,143982,143982,143984,144501,144501,144501,144501,144501,144501,144501,612364,144501,144501,144501,715003,772289,775105,951621,493884,774997,1053848,1048153,951621,1048153,1052538,951621,1008345,1053848,493884,1008347,1034693,775031,1059805,777832,495909,1041104,1054606,1041942,1041942,1062798,782993,987221,1034357,982267,989510,1064690,1043241,1064826,1100194,536572,1037523,1089470,813469,828848,1017206,1101179,814026,1018474,967450,1018474,1018474,1101233,979050,819054,1228810,1042051,731005,1239143,1295107,1294915,1238843,1278228,731005,1295107
24293,28362,117987,85233,53522,230101,711264,543533,337115,230903,226045,236758,190687,162877,151037,142385,139338,1054295,931393,172035,158839,182142,36327,160479,160666,191234,217120,217027,170961,226407,186531,174684,191235,175188,191235,235393,179927,236300,176402,237122,173926,201551,174658,236168,230284,169012,180599,234172,242075,206531,40968,206531,185594,185482,179459,242557,40989,175082,186621,186621,174936,169058,186509,186494,169170,230175,223176,223176,40684,389563,398522,429769,397917,398618,425798,397771,429769,397771,397917,429769,429810,217620,431222,429720,388612,398549,389522,398549,397656,389038,431692,428471,428471,432099,398166,427324,419591,424834,419593,443458,441324,443657,466308,433581,426041,429726,462664,246737,432155,444503,464611,469911,447510,469911,469911,443907,459292,468521,521444,342606,344177,344611,344021,337614,344431,344219,343387,344559
18944,82601,436305,1483567,1082654,609710,86386,317476,195174,187076,148607,169705,160385,137159,156850,133865,155843,916088,95062,228019,222398,310427,400567,241801,418247,331540,132030,139785,265042,257723,412749,265233,412749,338751,426243,478398,362502,278114,362571,278136,392894,446021,393290,476622,480795,481999,363692,155201,337470,447192,380889,481213,363966,363570,445961,357638,380903,439782,365573,467317,439798,432624,467317,450971,433110,460709,481304,481304,240577,116975,185457,185342,181592,185411,185480,169497,185331,169497,181591,185331,162851,119931,185327,162851,184761,183193,183925,183193,181591,184761,169497,184738,184734,119899,183226,185359,185181,119957,185506,175123,184760,119957,175463,185127,120297,171280,170711,180826,185847,185701,169849,120301,183173,120301,120301,185748,173017,183639,155427,182392,184542,185262,185255,174972,185262,184946,182854,184574
79174,67627,310392,199349,86809,446215,296321,267721,97989,93653,93563,92268,90331,88475,86357,85601,86057,86007,75857,151180,150464,149958,149545,149480,149466,149460,150099,156050,156044,156714,156994,157174,157174,157174,157174,183617,183617,189651,189651,189651,189673,189673,189673,189673,198464,198421,198404,198394,205456,207930,207930,207930,208205,208205,208221,208221,208223,208223,208223,208223,208223,208223,208223,208068,943998,208151,208223,208223,761583,952034,952058,1066254,621305,952058,1257143,1191267,1066314,1191111,1215098,1066254,1201676,1257199,621305,1201678,1160480,952106,1257048,952106,619177,1161232,952632,1202155,1201975,1253946,956829,1150071,1205101,1144118,1104697,1256900,1206092,1257645,1288930,658156,1147448,1245800,988969,988969,1134475,1293353,989624,1178779,1123237,1178813,1178813,1293876,1136901,989656,1314383,1399161,1193087,1210206,1485363,1342733,1485361,1444631,1193089,1485135
9732,9288,8038,40738,30899,158028,117284,591104,447886,359929,344438,305986,276817,279345,278321,2358011,1783924,201252,794927,382264,1464227,1456934,1445691,1440724,373633,374568,1385065,1384848,1450866,1410474,1517876,409097,409089,411901,1662666,482112,481860,481860,481860,481860,481880,481880,481880,481880,494043,497545,497578,497578,497578,499838,499825,499825,500076,501850,501876,501876,501878,501845,501878,508936,508936,508936,508936,509113,509113,509113,509113,509113,1210539,642448,675556,677606,610738,675556,645352,551732,677606,551732,610738,677606,551732,677606,610466,551732,677606,677530,675526,677530,610738,677606,551732,677385,677353,608912,677569,610453,677368,677645,677645,677645,677392,610492,676423,678168,677916,676870,552294,673928,674268,677770,552298,674751,552455,674751,674751,678188,552455,674702,656616,498977,501061,500739,499625,499784,500739,500640,500110,375138
4363,3749,2237,1337,8829,7777,6867,128636,105835,122680,82774,2205004,1041420,610705,566823,525857,454794,473537,362245,186816,438313,301852,437076,208634,512740,1168886,1458864,1454104,874616,487999,1426789,491921,491817,506543,1496692,553539,1340491,1705361,559756,559756,1709178,559773,559773,546727,570376,1654616,577476,577476,1843290,1180124,580011,1180121,1360048,580264,1798962,1837938,580287,580287,1858889,580287,580287,1748965,580287,1074701,580287,580287,1740263,580287,263536,427160,485042,486840,436008,487159,455668,376116,489029,376116,436182,489029,375989,489029,413731,375989,489029,488842,460893,488842,432844,489031,376318,488204,488192,410131,488878,413757,488484,489065,489065,489065,488226,413461,478071,481402,481134,479629,368466,451093,477538,481281,368482,473592,368284,473218,473218,481292,368270,478571,410958,360194,366836,366572,337459,366181,366572,366227,365371,253868
2038,1192,8047,29989,25320,150946,1184062,634788,500122,1169888,135179,627928,555566,96921,550012,94674,540205,93091,389273,203650,504542,442003,1431289,421693,1622105,1797544,1884154,1883800,432021,433897,433766,437856,437856,437850,437856,517423,517375,517371,517371,517371,1923195,1969260,1923915,517397,2016615,1953341,560290,560326,590383,1602811,569775,1602171,1912699,570139,2160137,2203164,570168,570168,570168,570132,2170029,2192915,570132,570168,2192915,570168,1989697,1989877,1754279,604340,600017,607399,602226,600005,592001,607706,610296,610317,605333,607813,584979,601009,594059,600675,610080,602087,610319,602091,609182,610318,606400,610098,610087,609469,602933,594065,594819,600997,608306,605005,610093,609905,407625,412943,399016,409326,412635,412710,411981,412795,411622,412945,401783,410266,410254,398666,412666,410178,342821,177727,193971,168181,193655,192414,192848,193831,168389,189797
23831,116517,153342,104305,460984,280303,147959,141681,980427,595936,165202,103934,184245,67398,21760,53398,19482,144362,23396,78815,76703,84730,186111,491556,166405,318911,347601,345925,480869,373355,547244,493826,558937,529602,580973,500637,628554,497375,631218,497375,274350,439420,274350,738177,520803,322341,680782,535005,498010,516832,682993,516821,763894,765358,345005,583392,685246,747627,773114,776714,751227,762349,776714,757314,767123,812697,576173,576173,394245,414766,479666,473001,443542,479644,417815,414178,477089,414258,481665,421701,486015,459854,454818,485611,413888,477850,413393,478359,480929,413894,449722,472722,472612,412292,483007,454891,465326,460000,487506,420440,472644,416034,379335,372821,446382,330690,406150,438419,446403,380636,408633,419344,446680,419344,438459,425415,446695,445576,297634,333087,259001,333673,333673,266164,333673,333320,260990,333673
74019,56160,48986,36119,153039,105886,74542,57138,173060,139153,131220,33897,23239,3660464,2687087,2373270,2027769,1928848,362002,110078,466597,524219,590038,586404,118035,117825,539976,540564,650095,666396,706525,139629,140509,140509,768539,164235,164235,164193,164413,164371,164431,164431,164431,162656,173030,173012,173764,173820,173820,830191,716894,830191,177609,177609,798161,177728,724398,803201,177635,177635,803201,820360,182022,182022,820772,182141,182141,182141,651784,816590,816601,909928,535396,816601,1084295,1045925,909928,1045925,1058503,909928,985846,1084295,535396,985848,535286,816630,535345,816630,829903,535872,817157,1051103,817269,533427,821174,1085855,905342,539998,836478,898299,821283,1021607,865205,1116632,1046527,855455,569105,1070798,862304,850928,1023334,851042,569757,851042,851042,1118600,1031689,850930,1132545,679799,700821,745452,745801,576167,660193,703868,702584,735822
109871,88181,62478,46387,32982,1097747,1043549,527534,541001,335283,1570575,198823,166967,158015,141357,134142,130455,128306,114395,221041,234138,337178,1527956,1521608,308114,308049,1402707,1350749,1526302,1441786,1531432,308641,309063,309063,1531433,369179,369151,371412,371713,371412,371737,371781,371781,371654,386861,386560,386861,386861,386861,389633,389633,389633,389921,389921,389650,389650,389951,389650,389951,389951,389650,389650,389951,389576,1554067,389650,389951,389951,1257059,553688,570531,570491,432054,570619,570619,568980,570603,568980,569927,570603,528797,432177,570318,528797,569412,568471,570147,569023,432234,569966,568982,569886,569869,425844,569066,570231,570286,432218,570620,570375,570036,432291,570907,570537,432824,529558,568286,570010,571154,571178,569518,432825,568947,432825,432825,571041,568610,569620,568496,290643,427946,428852,428887,428681,428852,428578,428255,387224
845,9443,2536,1874,191861,126411,85945,308134,436050,213230,131928,114422,161818,75918,25789,1002505,460342,114460,544839,1197688,959762,895975,733072,868662,4217894,3242697,735010,951629,991177,905391,729457,936200,991168,938438,803879,636048,794369,436625,609727,657526,721990,884342,444027,631267,445289,668943,626088,641166,643328,630684,838148,630684,842617,651423,702823,934205,871373,739491,651423,651423,739491,953581,651423,838270,953653,879550,887392,650435,547923,181134,215423,217391,199637,215345,183253,190257,218761,190257,207462,218761,197402,210904,211386,220718,181048,214756,180867,215058,217709,181050,202353,212389,212286,181106,217408,211492,210712,211057,221818,184536,212450,181572,183034,179679,220249,156047,199397,216729,220322,183935,200976,209808,220632,209808,218476,199687,220661,219486,156613,199506,158752,200014,200047,162692,200014,199834,159374,200003
14301,11848,14364,193403,138627,96409,589248,426759,250036,178897,185233,77794,59655,45465,40857,1039424,444882,413177,438846,298011,295954,378537,114323,370898,355884,380342,411534,411562,386994,443897,430187,418509,430187,418628,435480,510336,428407,138958,302994,434768,139128,305984,445500,295778,327363,378537,304272,356673,302588,520370,310755,520370,522798,307768,454975,141953,310932,306822,307780,307780,306822,435746,307780,528720,436494,526887,475690,475690,381651,662598,662903,776622,438998,662890,682700,662890,819035,662890,662890,819035,825693,741713,746067,826150,438884,662821,438929,662821,663019,439540,663431,823455,823455,827911,668211,793310,818741,788321,801601,831587,828237,769522,708617,864458,813508,701303,701069,844944,701591,706971,814029,701963,478071,701963,701963,865258,800140,701729,654236,1033184,886097,881307,964454,881159,881307,895438,890874,894139
633624,468356,175543,554212,519001,687323,327578,265765,178785,924116,552341,2333941,2391414,1664145,1168407,523947,243900,117812,135432,129349,128625,139440,41385,126069,286190,180311,63722,65503,634917,553011,522725,390242,485366,390769,522423,399527,657013,225620,411900,582615,226103,411913,623259,395616,478480,567294,414645,522573,413349,667235,427987,667235,671677,416240,641381,229118,427762,414568,416413,416725,414568,600569,424219,414568,229118,614615,680082,680074,122722,189611,239069,240915,189520,239069,211210,141540,240915,142132,190373,242339,142132,242339,176352,142132,242339,242303,222008,245916,192115,245955,143567,244895,244903,176777,245964,178099,245249,246001,246001,246001,244949,178099,240020,246449,245800,245675,144061,215471,245174,246453,144065,236071,144065,236071,236071,246432,143795,236174,209595,231028,241253,241024,219033,234944,241060,240387,240309,139176
14875,91969,76087,51846,198266,102973,599685,451560,3271948,1731247,157208,74919,65391,64959,65876,65728,63837,62913,56639,126754,1492599,615854,610634,602464,124630,122485,569560,569013,138491,128322,125448,125316,126665,126648,126702,161284,161284,161284,161284,161284,583969,654538,589977,161055,730778,573540,171627,171627,171627,729156,581684,729156,173877,173877,673779,718320,173910,173910,173910,173910,173910,173910,173910,421315,173910,173910,630602,173910,130998,442328,517305,621600,618269,516801,522657,602186,621550,602186,442793,621550,583284,465697,304874,583284,619902,574908,621868,574908,442067,620827,442118,618708,618708,445414,575251,305797,623485,466934,618505,442567,619367,623485,629205,627206,629205,571881,528671,629074,311517,448329,628902,627783,560544,627783,627783,621393,610581,311559,291157,660009,667131,351614,351614,598838,351614,650484,351614,627935
91555,158588,161238,583957,615139,482412,1936886,367216,331052,653726,443633,326484,432908,1791924,1670686,311504,1631297,296496,1273200,507251,505923,503603,501132,500764,300711,376314,512790,512342,308244,511944,482530,308257,482586,468590,482530,498162,470011,513310,467109,532659,486455,521754,504711,545066,552300,552618,513443,544607,544447,529984,560559,529984,513678,513678,339906,560443,339906,528014,339906,339906,528014,502528,341621,541043,504433,564147,341621,341621,275021,146528,182058,185510,141805,182254,159434,106876,185510,106876,141826,185510,184676,185510,133029,184676,182506,185117,185478,182152,159654,183819,185417,135885,135824,185533,182246,106922,185455,185556,185556,106922,135878,133127,185898,185996,182113,182745,184562,135617,134810,133176,134891,152008,185709,185502,185502,185502,182908,133616,162463,182077,190087,190145,190076,190012,189202,189913,164041,161365
54011,44875,68648,318555,203714,156425,786800,483544,573136,393594,374235,183805,120143,78861,45936,39168,34467,34542,32834,66451,61969,59310,57503,56010,55418,55052,54955,54941,55658,326907,340684,56248,56208,56205,337877,67784,67710,67738,67699,67738,281142,320460,286912,67743,351644,264843,73058,143587,79234,216999,74451,216999,278528,74975,335483,371920,74992,75055,74992,74992,75055,74992,74992,75055,334087,75031,262564,262564,139148,834197,567325,747170,576002,577238,577238,577238,748944,577238,577238,748944,821597,843391,844691,821628,882808,577679,883222,577679,577679,886430,590499,590499,590499,590059,613961,921657,613961,917965,614005,614005,614005,614005,746620,1061263,746620,1054264,746624,991397,743076,927384,751112,1058114,1035666,1057420,1058390,927426,1049952,751154,965946,1323246,1637882,1323246,1570256,1323235,1323246,1323235,1323277,1570298
92169,454425,288276,215959,246433,228395,128194,401696,65317,166786,21278,88413,71986,13915,71405,13240,284886,229542,63941,91895,92139,96488,236330,95763,333172,349579,373718,373666,101949,114324,117537,117114,117534,117114,117534,147353,161491,162328,161491,162328,501230,526435,501230,161076,549555,494195,171244,171364,171007,583669,406585,583669,178952,178952,559254,179085,406837,527085,178965,178965,527085,551061,178965,178965,178965,179085,564784,179085,201427,411735,484679,612076,610945,484576,517067,603668,612028,603668,445600,612028,518294,506608,541872,611382,607879,452708,411500,452968,516401,608378,612098,411556,411556,470608,452233,543775,612504,506736,547075,496926,412131,474341,589200,617791,309936,616308,434380,515489,607440,617656,619770,599783,495593,599735,599735,310423,619770,543994,497726,602821,657432,648438,462065,630502,648470,657590,657590,657590
23478,108219,80822,44111,215322,1412633,222356,688031,507175,965397,847680,697449,629867,107114,612888,103270,616598,106930,565832,229152,242169,240824,237449,237658,118268,152332,249982,645707,512207,512496,406862,432500,511934,475004,1551496,312917,172865,578275,596124,578415,596270,596089,596337,475863,340168,375622,375622,344492,344399,378476,364016,378476,378724,378724,378724,378200,364016,323819,378238,378238,323823,323826,378334,377305,324201,324163,378979,379257,184893,50728,105104,105266,103682,105104,105059,86861,105266,86861,103682,105266,105572,86368,102597,105572,50724,105104,50724,105104,103686,50726,86863,105061,105061,50726,105135,102628,105499,86399,102859,86841,105090,50755,87285,51191,100883,105015,105086,103644,101361,105739,87334,86917,83219,86917,86917,105799,83235,105569,106503,53512,107639,108381,108430,104140,108381,108194,107826,85992
16714,84886,65573,220971,136829,666688,615183,395054,437533,854264,65045,378427,344489,53614,361778,49893,383413,52065,421773,110994,534539,395687,758570,336261,945098,1026417,1196549,1204539,343785,350794,350794,350794,350794,350794,350794,412382,412382,412382,412382,412382,1194278,1286431,1208420,400380,1355170,1074912,431641,431641,431641,1361631,1269359,1366918,435775,436459,1344911,438200,1277974,1334129,438200,438200,1334129,1334083,438200,438200,1334083,438200,438200,438200,1074194,503714,504866,504665,350141,504865,504916,491830,504665,492201,503744,505141,460744,350293,505037,460744,503299,503033,504120,503825,350293,504095,492189,505141,505141,346977,503872,505084,505286,350340,505310,505439,505353,412127,485942,498202,497269,497441,343103,464877,498019,497971,343105,482387,348938,490057,490057,506470,348938,492642,420998,412975,423801,423599,390680,410807,423599,423174,422289,266030
112699,80666,69409,233232,152235,77667,497522,455634,363836,292856,286606,274296,261668,33679,269497,224269,254246,196981,242133,374929,322955,396730,94352,337163,1199384,465796,98236,101303,225543,232533,461530,240569,478515,350838,478497,543615,360406,249347,360224,249347,338174,439685,337504,524604,117887,546274,362498,117884,339138,442534,389305,442534,362475,361585,514903,398856,380268,514020,368242,368002,514020,519946,526924,526866,388612,546097,424618,424618,339222,335382,447658,489060,503156,447658,515542,446941,489060,446941,503156,489060,232480,334411,334363,232470,513438,232482,513291,232482,232482,513493,446996,512872,512872,516084,233015,440160,492309,421013,486612,403062,513352,516085,407394,518321,504982,472798,423072,504739,488485,494000,451566,425386,382846,425386,425386,494250,385067,237420,520854,526361,544151,268773,268773,482486,268773,528400,268773,494556
153235,101812,335978,297076,196663,175325,122067,110279,95828,87564,80481,73284,68044,64944,63410,65166,66683,66777,60322,118559,118076,117914,117871,117869,118210,118204,118200,118200,118200,118885,130389,130379,130375,130425,130457,158190,231480,158191,158167,160807,676708,711057,675616,160206,754858,664935,172006,172006,199332,538301,173545,538301,662639,173868,741820,758238,173895,173895,174033,174033,174060,174060,174033,547407,175451,175451,745001,175451,129851,569425,827136,1050596,839762,827116,909584,827116,1050596,827116,839762,1050596,1061004,948612,941866,1061696,569361,827163,569408,827163,932955,1061294,895743,827642,827642,565913,833458,1085704,920536,581956,859735,927332,845293,1022252,892985,1118387,1054057,876763,876763,913880,1152326,1058132,906529,1141394,1112299,634063,634063,902350,1158556,1154431,948301,1268016,1121167,1104283,1233372,1090709,1104283,1171499,1145950,1167086
789342,507788,580519,386082,210062,116137,523002,354184,125450,1217018,680868,4437475,1783574,196173,429739,2026699,828927,229534,980284,1016201,662257,776095,947646,542640,246690,634829,259070,835605,613207,278468,1043227,304097,303787,303825,1280710,364856,1068250,1447947,368417,368417,1447021,368455,368455,367945,382105,1381330,382020,382020,382530,973919,394054,1006762,1100445,394446,1474755,1546421,1365295,1501603,394480,394480,1499299,1518581,1543059,394362,1518757,394480,1187197,1252049,1813614,461930,539563,540960,511536,539563,457480,483820,542828,483820,528205,542828,547161,547149,422906,483912,546256,542782,547004,542782,527904,546260,547129,457484,457484,545994,542892,422971,547183,547226,547226,547148,457545,459545,547702,547706,544708,514256,542076,491835,459773,457370,484248,476856,547780,547780,547780,491563,541286,457526,497127,384471,268458,392533,392181,392479,392207,392279,332756,392308
90937,383178,225646,150201,839252,424904,347977,199205,104735,99484,69065,296018,244879,39483,225387,31742,363959,256870,73705,713082,631755,422544,379749,483686,1354643,895820,1059118,1055447,777425,528922,747588,696542,773466,763503,814958,659152,452613,520377,452609,520377,452609,485829,452609,651080,645482,262107,449408,648971,656060,482882,542739,483122,456212,456212,451869,526831,552170,264321,456302,456302,264321,264321,456302,455750,264321,600545,688704,688704,115514,432050,655114,850329,655114,655114,693334,655114,850329,655114,655114,850329,859799,759661,743862,860781,432054,655145,432081,655145,661081,435572,661334,859389,859389,869486,665209,803503,854004,816062,826698,871876,863266,871876,900014,467587,852044,882128,693349,691655,843748,900431,692701,847010,818999,843254,847010,901147,810305,694397,1010087,628656,640793,641216,640939,641084,640624,640726,591847,582526
31023,97581,87081,52111,206858,808980,165864,521089,347331,1882317,262772,1018150,408565,36897,194585,31100,181078,28562,195339,56094,255446,260702,263690,286367,53335,52969,258721,258687,287191,274322,327073,55812,56986,56983,340921,68023,67961,67961,67961,67961,67966,67966,68013,67782,71496,72755,72755,72755,72755,367908,252053,367908,73689,73689,316333,73773,251557,324890,73702,73702,324218,318602,73702,73702,318689,73773,73773,73773,388278,865252,573937,887986,881025,573937,896980,890019,897591,890630,890630,897591,577771,862946,577773,577798,890331,578118,894024,578118,892745,893827,894153,901114,901114,580934,602548,602544,602544,887761,602588,922408,922408,602588,711718,711718,711718,711718,1020668,1031499,1029200,716171,1035942,716216,1012906,1022946,1022946,716216,1036036,1025583,1211007,752254,1218963,1217011,945810,1195934,1217019,1218959,1218963,1218959
47203,120838,390093,353216,273645,208132,176810,544340,84851,68493,64086,87512,85118,123326,129245,120735,128162,120744,7744,44905,48064,61471,70991,58454,59836,67294,79319,79309,65541,84889,70450,23588,70376,58471,70384,43129,59661,52167,59915,52167,81708,115321,82516,111572,116439,116615,116984,116665,116503,116475,117168,116475,120723,120723,120674,84998,121187,118585,121040,121040,118585,119413,121040,120836,84998,85209,121266,121266,52867,24351,59269,59635,58763,59269,59445,48151,59635,48151,58763,59635,60241,48744,56936,60241,24312,59269,24312,59269,58765,24314,48153,59447,59447,24310,59300,56823,60048,48775,57874,47547,59476,24343,47731,24572,56418,57793,57838,58337,58088,59880,48416,48983,46784,48983,48983,60414,46784,59846,23816,61597,26884,60553,63131,50128,60553,62720,62432,50309
80502,59020,41512,186868,715685,680597,392900,408003,174416,110540,41673,30275,31498,427082,381846,349170,328765,321073,314959,469532,467330,496890,587985,464503,610263,632554,631088,629773,510060,533996,658207,541962,657877,625865,657863,519337,457732,365978,891952,803525,488068,380405,488086,369906,397165,550836,387789,428448,389244,541371,392134,541371,550533,390805,555247,551100,392152,389314,390805,390805,389314,469700,390805,555157,469448,553185,555247,505577,291227,158970,159238,159122,156820,159238,159248,144325,159122,144325,156820,159122,141110,96057,159206,141110,158850,157878,158970,157880,156822,158854,144327,158931,158920,96059,157932,159234,159012,96083,159268,148300,158944,96083,148022,158617,95822,148316,144615,155829,159009,158889,144078,95824,158056,95824,95824,158889,147194,157664,144971,151442,150338,152716,151098,152739,152716,152536,151460,152336
44051,42345,24611,16515,90094,69023,53944,465378,276477,205245,1399609,3107661,2780157,447809,445501,438551,457997,463047,489313,256783,255982,262735,84391,262575,251264,273265,302805,316178,275592,325881,284014,276105,284014,276388,294225,345076,290499,198252,290571,198115,299649,344491,299649,372380,100457,376640,299496,100457,302014,346128,344243,346128,299913,301650,358339,345382,346174,363766,313049,313049,363766,362857,313049,371763,362823,374193,304219,304219,291535,495486,497791,598618,336682,497784,629616,613663,598618,613663,624490,598618,623516,629616,336682,623516,605288,497813,629635,497813,336431,605742,614117,629063,629063,336856,630554,340757,630823,631888,625804,633136,632692,340485,657583,633818,653246,617792,642839,364932,650289,627746,642791,656933,649808,656933,629083,658744,619053,526912,746301,682736,521054,802474,814290,814288,802474,811452,521058,814294
8586,7888,34714,102418,70036,40092,24883,29409,78218,68414,59406,1098368,684736,1042119,715660,680429,663725,728709,696388,367445,409849,429173,174729,418820,417678,450456,472234,476615,434192,498953,466955,475494,500703,475940,500700,551073,501404,307612,379844,306950,449202,532575,449202,562944,220001,580043,381559,220001,343550,534436,409115,534436,381268,381268,540673,367608,409144,567518,388908,388908,567518,549632,392056,576137,554046,583326,346446,346446,357925,121312,200674,201355,198977,200672,200301,175717,201355,175717,198977,201355,201437,121134,200592,161474,199709,197224,198349,197262,121138,199787,196105,201010,201010,120668,197401,200756,201042,121186,201609,201502,201058,121186,201836,200261,121556,156880,193757,198338,200697,201983,196507,121560,198398,121560,121560,201983,198634,197727,196000,116881,195495,197290,197304,197247,197290,196711,196252,157743
