Iteration,Sim_0
0,[2781.0]
1,[1526.0]
2,[484.0]
3,[2154.0]
4,[4473.0]
5,[3152.0]
6,[2334.0]
7,[3902.0]
8,[1688.0]
9,[2127.0]
10,[3220.0]
11,[1024.0]
12,[4792.0]
13,[1373.0]
14,[2162.0]
15,[3307.0]
16,[372.0]
17,[1932.0]
18,[325.0]
19,[1016.0]
20,[4259.0]
21,[626.0]
22,[1865.0]
23,[433.0]
24,[2441.0]
25,[1476.0]
26,[821.0]
27,[3868.0]
28,[2050.0]
29,[4597.0]
30,[4845.0]
31,[2371.0]
32,[1900.0]
33,[2629.0]
34,[169.0]
35,[294.0]
36,[729.0]
37,[775.0]
38,[2424.0]
39,[4591.0]
40,[2394.0]
41,[2403.0]
42,[4648.0]
43,[4815.0]
44,[1590.0]
45,[2637.0]
46,[3288.0]
47,[2279.0]
48,[3879.0]
49,[3901.0]
50,[980.0]
51,[3623.0]
52,[1263.0]
53,[4000.0]
54,[1708.0]
55,[4696.0]
56,[2872.0]
57,[3049.0]
58,[4446.0]
59,[1178.0]
60,[2359.0]
61,[1599.0]
62,[4503.0]
63,[3773.0]
64,[4787.0]
65,[3848.0]
66,[1681.0]
67,[4726.0]
68,[1369.0]
69,[915.0]
70,[683.0]
71,[1487.0]
72,[4470.0]
73,[1307.0]
74,[3434.0]
75,[2877.0]
76,[4109.0]
77,[3564.0]
78,[4886.0]
79,[1228.0]
80,[1114.0]
81,[1544.0]
82,[195.0]
83,[877.0]
84,[154.0]
85,[459.0]
86,[870.0]
87,[2509.0]
88,[3492.0]
89,[3215.0]
90,[559.0]
91,[862.0]
92,[3094.0]
93,[4150.0]
94,[1385.0]
95,[854.0]
96,[1455.0]
97,[3264.0]
98,[4298.0]
99,[124.0]
100,[208.0]
101,[1554.0]
102,[3519.0]
103,[4301.0]
104,[1596.0]
105,[1261.0]
106,[1342.0]
107,[296.0]
108,[4816.0]
109,[2673.0]
110,[609.0]
111,[4501.0]
112,[2419.0]
113,[974.0]
114,[209.0]
115,[3022.0]
116,[1460.0]
117,[1783.0]
118,[230.0]
119,[250.0]
120,[2889.0]
121,[1470.0]
122,[2336.0]
123,[4813.0]
124,[2644.0]
125,[1598.0]
126,[2945.0]
127,[4072.0]
128,[3221.0]
129,[1027.0]
130,[318.0]
131,[2625.0]
132,[1294.0]
133,[3119.0]
134,[2396.0]
135,[4006.0]
136,[4433.0]
137,[1312.0]
138,[2030.0]
139,[2328.0]
140,[4778.0]
141,[2164.0]
142,[239.0]
143,[3064.0]
144,[666.0]
145,[780.0]
146,[1007.0]
147,[3995.0]
148,[1389.0]
149,[344.0]
150,[4107.0]
151,[2738.0]
152,[3589.0]
153,[1577.0]
154,[1696.0]
155,[1575.0]
156,[4263.0]
157,[4580.0]
158,[1848.0]
159,[684.0]
160,[23.0]
161,[378.0]
162,[763.0]
163,[1053.0]
164,[1583.0]
165,[4789.0]
166,[3665.0]
167,[1790.0]
168,[672.0]
169,[3762.0]
170,[4619.0]
171,[3975.0]
172,[2926.0]
173,[3141.0]
174,[4525.0]
175,[1885.0]
176,[1333.0]
177,[1843.0]
178,[4847.0]
179,[3556.0]
180,[2319.0]
181,[405.0]
182,[2206.0]
183,[3737.0]
184,[3050.0]
185,[3150.0]
186,[392.0]
187,[4837.0]
188,[4841.0]
189,[1489.0]
190,[47.0]
191,[2895.0]
192,[2026.0]
193,[1950.0]
194,[1488.0]
195,[1310.0]
196,[2964.0]
197,[1211.0]
198,[4213.0]
199,[4239.0]
200,[3694.0]
201,[3043.0]
202,[1621.0]
203,[3962.0]
204,[1451.0]
205,[590.0]
206,[178.0]
207,[1541.0]
208,[4067.0]
209,[2821.0]
210,[3832.0]
211,[2373.0]
212,[1507.0]
213,[3822.0]
214,[2475.0]
215,[324.0]
216,[1383.0]
217,[1667.0]
218,[1407.0]
219,[3080.0]
220,[1970.0]
221,[4230.0]
222,[35.0]
223,[3854.0]
224,[128.0]
225,[2956.0]
226,[3513.0]
227,[3387.0]
228,[1727.0]
229,[147.0]
230,[540.0]
231,[1472.0]
232,[3827.0]
233,[620.0]
234,[3082.0]
235,[1354.0]
236,[4878.0]
237,[4702.0]
238,[1944.0]
239,[1785.0]
240,[4810.0]
241,[3403.0]
242,[4008.0]
243,[4063.0]
244,[2916.0]
245,[446.0]
246,[3656.0]
247,[271.0]
248,[300.0]
249,[281.0]
250,[2273.0]
251,[4316.0]
252,[4625.0]
253,[3708.0]
254,[1171.0]
255,[2630.0]
256,[3532.0]
257,[2541.0]
258,[1068.0]
259,[4776.0]
260,[3866.0]
261,[2563.0]
262,[1584.0]
263,[4746.0]
264,[560.0]
265,[3933.0]
266,[1308.0]
267,[4223.0]
268,[530.0]
269,[2250.0]
270,[1859.0]
271,[3561.0]
272,[3456.0]
273,[448.0]
274,[1035.0]
275,[1138.0]
276,[3254.0]
277,[3916.0]
278,[3475.0]
279,[1022.0]
280,[2306.0]
281,[158.0]
282,[347.0]
283,[1250.0]
284,[1118.0]
285,[1426.0]
286,[1011.0]
287,[348.0]
288,[481.0]
289,[1268.0]
290,[1064.0]
291,[2108.0]
292,[1739.0]
293,[1936.0]
294,[3354.0]
295,[1054.0]
296,[2080.0]
297,[1801.0]
298,[751.0]
299,[3972.0]
300,[3815.0]
301,[1464.0]
302,[1029.0]
303,[1626.0]
304,[999.0]
305,[1189.0]
306,[3545.0]
307,[4532.0]
308,[2862.0]
309,[860.0]
310,[110.0]
311,[1714.0]
312,[2379.0]
313,[1725.0]
314,[2575.0]
315,[4149.0]
316,[4811.0]
317,[4247.0]
318,[3355.0]
319,[4881.0]
320,[3806.0]
321,[3710.0]
322,[1192.0]
323,[2552.0]
324,[4804.0]
325,[792.0]
326,[4842.0]
327,[3726.0]
328,[2025.0]
329,[262.0]
330,[326.0]
331,[4578.0]
332,[3657.0]
333,[2449.0]
334,[2412.0]
335,[546.0]
336,[1272.0]
337,[4871.0]
338,[600.0]
339,[1555.0]
340,[470.0]
341,[1522.0]
342,[526.0]
343,[226.0]
344,[3128.0]
345,[1741.0]
346,[808.0]
347,[3838.0]
348,[3088.0]
349,[4636.0]
350,[2628.0]
351,[4539.0]
352,[2451.0]
353,[13.0]
354,[1465.0]
355,[1735.0]
356,[1638.0]
357,[1606.0]
358,[4497.0]
359,[996.0]
360,[174.0]
361,[4872.0]
362,[4173.0]
363,[525.0]
364,[4747.0]
365,[2935.0]
366,[1642.0]
367,[654.0]
368,[3915.0]
369,[3484.0]
370,[1613.0]
371,[1558.0]
372,[1719.0]
373,[1048.0]
374,[2663.0]
375,[1603.0]
376,[3652.0]
377,[1607.0]
378,[4182.0]
379,[904.0]
380,[4809.0]
381,[4061.0]
382,[3060.0]
383,[3445.0]
384,[1170.0]
385,[1421.0]
386,[4779.0]
387,[4593.0]
388,[2355.0]
389,[292.0]
390,[452.0]
391,[1527.0]
392,[3020.0]
393,[2698.0]
394,[1139.0]
395,[3581.0]
396,[297.0]
397,[2695.0]
398,[1105.0]
399,[878.0]
400,[547.0]
401,[2984.0]
402,[444.0]
403,[2579.0]
404,[1059.0]
405,[2566.0]
406,[3990.0]
407,[3459.0]
408,[1632.0]
409,[339.0]
410,[1381.0]
411,[4596.0]
412,[1847.0]
413,[3662.0]
414,[4264.0]
415,[3143.0]
416,[4819.0]
417,[2646.0]
418,[1623.0]
419,[4492.0]
420,[1990.0]
421,[2178.0]
422,[441.0]
423,[3482.0]
424,[814.0]
425,[4830.0]
426,[4765.0]
427,[3056.0]
428,[2870.0]
429,[4217.0]
430,[1221.0]
431,[4582.0]
432,[2502.0]
433,[2635.0]
434,[2920.0]
435,[4748.0]
436,[942.0]
437,[1664.0]
438,[3510.0]
439,[4523.0]
440,[4866.0]
441,[4574.0]
442,[1650.0]
443,[1566.0]
444,[1609.0]
445,[1458.0]
446,[3810.0]
447,[3850.0]
448,[4869.0]
449,[3025.0]
450,[924.0]
451,[3057.0]
452,[2962.0]
453,[2735.0]
454,[4135.0]
455,[1070.0]
456,[4762.0]
457,[1060.0]
458,[992.0]
459,[3216.0]
460,[2515.0]
461,[4328.0]
462,[1415.0]
463,[4732.0]
464,[3655.0]
465,[3596.0]
466,[41.0]
467,[2113.0]
468,[4219.0]
469,[1419.0]
470,[3578.0]
471,[1229.0]
472,[1185.0]
473,[1134.0]
474,[3207.0]
475,[176.0]
476,[2655.0]
477,[1582.0]
478,[1477.0]
479,[96.0]
480,[3816.0]
481,[2770.0]
482,[1322.0]
483,[4317.0]
484,[20.0]
485,[1379.0]
486,[4843.0]
487,[3197.0]
488,[3284.0]
489,[3862.0]
490,[3353.0]
491,[3734.0]
492,[2315.0]
493,[1674.0]
494,[354.0]
495,[934.0]
496,[2674.0]
497,[4015.0]
498,[1973.0]
499,[3779.0]
500,[3936.0]
501,[3177.0]
502,[2120.0]
503,[2312.0]
504,[4798.0]
505,[3620.0]
506,[167.0]
507,[1057.0]
508,[2818.0]
509,[3646.0]
510,[2140.0]
511,[1825.0]
512,[255.0]
513,[2130.0]
514,[776.0]
515,[949.0]
516,[1902.0]
517,[2686.0]
518,[3715.0]
519,[831.0]
520,[4601.0]
521,[25.0]
522,[4084.0]
523,[542.0]
524,[4629.0]
525,[1172.0]
526,[2896.0]
527,[642.0]
528,[1923.0]
529,[4218.0]
530,[4509.0]
531,[757.0]
532,[2172.0]
533,[1494.0]
534,[1061.0]
535,[2540.0]
536,[4659.0]
537,[520.0]
538,[2418.0]
539,[238.0]
540,[1326.0]
541,[3870.0]
542,[1418.0]
543,[1562.0]
544,[3804.0]
545,[2922.0]
546,[2676.0]
547,[1030.0]
548,[1043.0]
549,[3668.0]
550,[1438.0]
551,[1386.0]
552,[1109.0]
553,[4452.0]
554,[173.0]
555,[2941.0]
556,[3388.0]
557,[2055.0]
558,[4139.0]
559,[2580.0]
560,[993.0]
561,[4752.0]
562,[3514.0]
563,[1466.0]
564,[3452.0]
565,[1549.0]
566,[2700.0]
567,[1531.0]
568,[635.0]
569,[523.0]
570,[478.0]
571,[3266.0]
572,[2829.0]
573,[3313.0]
574,[2017.0]
575,[3027.0]
576,[4618.0]
577,[2638.0]
578,[1670.0]
579,[4603.0]
580,[4080.0]
581,[2950.0]
582,[1254.0]
583,[439.0]
584,[1135.0]
585,[1604.0]
586,[1309.0]
587,[2880.0]
588,[31.0]
589,[1568.0]
590,[2143.0]
591,[4347.0]
592,[505.0]
593,[367.0]
594,[2546.0]
595,[994.0]
596,[892.0]
597,[1838.0]
598,[4106.0]
599,[2642.0]
600,[1514.0]
601,[3580.0]
602,[191.0]
603,[509.0]
604,[3232.0]
605,[816.0]
606,[1972.0]
607,[4806.0]
608,[1019.0]
609,[3770.0]
610,[1945.0]
611,[1141.0]
612,[1146.0]
613,[3401.0]
614,[4073.0]
615,[3639.0]
616,[528.0]
617,[1110.0]
618,[5.0]
619,[1181.0]
620,[1586.0]
621,[647.0]
622,[2096.0]
623,[2368.0]
624,[2266.0]
625,[2596.0]
626,[2147.0]
627,[1046.0]
628,[2211.0]
629,[1244.0]
630,[37.0]
631,[1645.0]
632,[511.0]
633,[352.0]
634,[517.0]
635,[3007.0]
636,[3170.0]
637,[1352.0]
638,[36.0]
639,[1895.0]
640,[323.0]
641,[3496.0]
642,[4013.0]
643,[665.0]
644,[3487.0]
645,[51.0]
646,[2160.0]
647,[404.0]
648,[4137.0]
649,[2859.0]
650,[1871.0]
651,[1214.0]
652,[1297.0]
653,[4729.0]
654,[3200.0]
655,[1955.0]
656,[1655.0]
657,[1348.0]
658,[4176.0]
659,[4121.0]
660,[1127.0]
661,[181.0]
662,[4570.0]
663,[1207.0]
664,[2366.0]
665,[1898.0]
666,[988.0]
667,[1794.0]
668,[3345.0]
669,[126.0]
670,[2853.0]
671,[694.0]
672,[3688.0]
673,[3663.0]
674,[4630.0]
675,[1633.0]
676,[2139.0]
677,[599.0]
678,[1089.0]
679,[4254.0]
680,[2088.0]
681,[1166.0]
682,[3241.0]
683,[340.0]
684,[3820.0]
685,[3233.0]
686,[2106.0]
687,[4246.0]
688,[4895.0]
689,[4074.0]
690,[1662.0]
691,[315.0]
692,[411.0]
693,[4795.0]
694,[3432.0]
695,[1953.0]
696,[1793.0]
697,[2407.0]
698,[3911.0]
699,[1164.0]
700,[2705.0]
701,[253.0]
702,[3780.0]
703,[1152.0]
704,[4622.0]
705,[4639.0]
706,[1508.0]
707,[2610.0]
708,[3163.0]
709,[3559.0]
710,[4844.0]
711,[3673.0]
712,[2323.0]
713,[1866.0]
714,[2965.0]
715,[3526.0]
716,[2658.0]
717,[3669.0]
718,[2465.0]
719,[3769.0]
720,[1437.0]
721,[3574.0]
722,[3607.0]
723,[1325.0]
724,[1552.0]
725,[1478.0]
726,[3442.0]
727,[668.0]
728,[180.0]
729,[3523.0]
730,[1564.0]
731,[1196.0]
732,[1553.0]
733,[732.0]
734,[1652.0]
735,[853.0]
736,[2068.0]
737,[2304.0]
738,[458.0]
739,[1124.0]
740,[2763.0]
741,[585.0]
742,[2205.0]
743,[4681.0]
744,[2155.0]
745,[3236.0]
746,[656.0]
747,[2086.0]
748,[403.0]
749,[1637.0]
750,[170.0]
751,[2156.0]
752,[4522.0]
753,[151.0]
754,[1959.0]
755,[4514.0]
756,[1648.0]
757,[350.0]
758,[4487.0]
759,[685.0]
760,[4493.0]
761,[1222.0]
762,[3959.0]
763,[4562.0]
764,[743.0]
765,[3921.0]
766,[1977.0]
767,[4812.0]
768,[4848.0]
769,[277.0]
770,[4181.0]
771,[1547.0]
772,[731.0]
773,[1461.0]
774,[1122.0]
775,[3593.0]
776,[2549.0]
777,[1503.0]
778,[2631.0]
779,[3247.0]
780,[1194.0]
781,[3348.0]
782,[4876.0]
783,[677.0]
784,[4483.0]
785,[4614.0]
786,[3598.0]
787,[3186.0]
788,[1420.0]
789,[4353.0]
790,[3965.0]
791,[1602.0]
792,[4472.0]
793,[3193.0]
794,[1026.0]
795,[606.0]
796,[2664.0]
797,[884.0]
798,[4085.0]
799,[3843.0]
800,[44.0]
801,[1899.0]
802,[1780.0]
803,[3378.0]
804,[1624.0]
805,[1993.0]
806,[1868.0]
807,[2015.0]
808,[3377.0]
809,[2740.0]
810,[3407.0]
811,[2341.0]
812,[1467.0]
813,[2636.0]
814,[1235.0]
815,[2298.0]
816,[2841.0]
817,[50.0]
818,[202.0]
819,[3393.0]
820,[4610.0]
821,[2291.0]
822,[990.0]
823,[628.0]
824,[1305.0]
825,[4675.0]
826,[4870.0]
827,[1290.0]
828,[4584.0]
829,[3453.0]
830,[2292.0]
831,[3988.0]
832,[4857.0]
833,[1693.0]
834,[4462.0]
835,[2718.0]
836,[1853.0]
837,[3438.0]
838,[2607.0]
839,[21.0]
840,[3224.0]
841,[976.0]
842,[188.0]
843,[4484.0]
844,[2010.0]
845,[4556.0]
846,[3065.0]
847,[3805.0]
848,[2420.0]
849,[1275.0]
850,[2918.0]
851,[3245.0]
852,[4577.0]
853,[3106.0]
854,[131.0]
855,[1677.0]
856,[1671.0]
857,[1917.0]
858,[1364.0]
859,[595.0]
860,[769.0]
861,[3749.0]
862,[4090.0]
863,[4370.0]
864,[2433.0]
865,[2917.0]
866,[3364.0]
867,[2200.0]
868,[4004.0]
869,[3168.0]
870,[3099.0]
871,[1039.0]
872,[3624.0]
873,[1608.0]
874,[1391.0]
875,[855.0]
876,[146.0]
877,[1051.0]
878,[1422.0]
879,[2057.0]
880,[545.0]
881,[2082.0]
882,[4231.0]
883,[1497.0]
884,[4371.0]
885,[2524.0]
886,[4803.0]
887,[4690.0]
888,[2228.0]
889,[658.0]
890,[1077.0]
891,[1784.0]
892,[4828.0]
893,[114.0]
894,[1615.0]
895,[4089.0]
896,[3149.0]
897,[2447.0]
898,[3210.0]
899,[703.0]
900,[1015.0]
901,[1579.0]
902,[3450.0]
903,[713.0]
904,[1836.0]
905,[1219.0]
906,[2822.0]
907,[4040.0]
908,[246.0]
909,[2028.0]
910,[152.0]
911,[632.0]
912,[1851.0]
913,[4822.0]
914,[2331.0]
915,[4465.0]
916,[2652.0]
917,[4640.0]
918,[4379.0]
919,[2706.0]
920,[116.0]
921,[3485.0]
922,[2682.0]
923,[3039.0]
924,[3527.0]
925,[2491.0]
926,[1186.0]
927,[2009.0]
928,[623.0]
929,[812.0]
930,[3155.0]
931,[3410.0]
932,[1130.0]
933,[205.0]
934,[80.0]
935,[2476.0]
936,[3087.0]
937,[2562.0]
938,[63.0]
939,[2461.0]
940,[869.0]
941,[1225.0]
942,[3021.0]
943,[4399.0]
944,[3253.0]
945,[3956.0]
946,[4498.0]
947,[4786.0]
948,[3858.0]
949,[1665.0]
950,[1539.0]
951,[1086.0]
952,[4027.0]
953,[424.0]
954,[2078.0]
955,[1887.0]
956,[2806.0]
957,[135.0]
958,[3781.0]
959,[153.0]
960,[83.0]
961,[4495.0]
962,[2561.0]
963,[1443.0]
964,[2921.0]
965,[714.0]
966,[1233.0]
967,[4542.0]
968,[3869.0]
969,[1968.0]
970,[3277.0]
971,[2309.0]
972,[2539.0]
973,[1802.0]
974,[1690.0]
975,[2905.0]
976,[2165.0]
977,[4256.0]
978,[4735.0]
979,[2258.0]
980,[3160.0]
981,[75.0]
982,[2225.0]
983,[1003.0]
984,[4414.0]
985,[936.0]
986,[123.0]
987,[1698.0]
988,[2802.0]
989,[3685.0]
990,[30.0]
991,[4882.0]
992,[488.0]
993,[804.0]
994,[1009.0]
995,[1483.0]
996,[386.0]
997,[730.0]
998,[3536.0]
999,[2381.0]
1000,[356.0]
1001,[2620.0]
1002,[3883.0]
1003,[4251.0]
1004,[4797.0]
1005,[2890.0]
1006,[1284.0]
1007,[828.0]
1008,[2386.0]
1009,[1096.0]
1010,[2659.0]
1011,[1668.0]
1012,[1502.0]
1013,[4818.0]
1014,[1177.0]
1015,[1230.0]
1016,[4665.0]
1017,[3829.0]
1018,[2951.0]
1019,[3795.0]
1020,[3373.0]
1021,[4022.0]
1022,[466.0]
1023,[2545.0]
1024,[1697.0]
1025,[2608.0]
1026,[2837.0]
1027,[1929.0]
1028,[4388.0]
1029,[3725.0]
1030,[2032.0]
1031,[756.0]
1032,[4152.0]
1033,[279.0]
1034,[4719.0]
1035,[1736.0]
1036,[1033.0]
1037,[2743.0]
1038,[1717.0]
1039,[1378.0]
1040,[4602.0]
1041,[1210.0]
1042,[2480.0]
1043,[1918.0]
1044,[4238.0]
1045,[954.0]
1046,[3654.0]
1047,[1021.0]
1048,[361.0]
1049,[38.0]
1050,[4517.0]
1051,[2850.0]
1052,[2436.0]
1053,[254.0]
1054,[1679.0]
1055,[3154.0]
1056,[1492.0]
1057,[3845.0]
1058,[1184.0]
1059,[3303.0]
1060,[2601.0]
1061,[2365.0]
1062,[227.0]
1063,[716.0]
1064,[802.0]
1065,[2221.0]
1066,[1938.0]
1067,[4026.0]
1068,[1927.0]
1069,[3026.0]
1070,[3124.0]
1071,[3397.0]
1072,[3490.0]
1073,[2468.0]
1074,[1542.0]
1075,[4692.0]
1076,[2789.0]
1077,[4563.0]
1078,[1776.0]
1079,[313.0]
1080,[1966.0]
1081,[4453.0]
1082,[616.0]
1083,[368.0]
1084,[3896.0]
1085,[3970.0]
1086,[186.0]
1087,[3270.0]
1088,[4151.0]
1089,[4572.0]
1090,[1028.0]
1091,[752.0]
1092,[1376.0]
1093,[435.0]
1094,[793.0]
1095,[2819.0]
1096,[4456.0]
1097,[1748.0]
1098,[4865.0]
1099,[2892.0]
1100,[408.0]
1101,[2860.0]
1102,[45.0]
1103,[4178.0]
1104,[2388.0]
1105,[1012.0]
1106,[2464.0]
1107,[1197.0]
1108,[4122.0]
1109,[911.0]
1110,[4758.0]
1111,[183.0]
1112,[3031.0]
1113,[2733.0]
1114,[1643.0]
1115,[1800.0]
1116,[777.0]
1117,[1702.0]
1118,[2067.0]
1119,[2923.0]
1120,[1762.0]
1121,[4791.0]
1122,[4733.0]
1123,[479.0]
1124,[134.0]
1125,[1121.0]
1126,[2391.0]
1127,[2614.0]
1128,[1069.0]
1129,[241.0]
1130,[4100.0]
1131,[1480.0]
1132,[2314.0]
1133,[707.0]
1134,[759.0]
1135,[394.0]
1136,[223.0]
1137,[4682.0]
1138,[1286.0]
1139,[3309.0]
1140,[1304.0]
1141,[450.0]
1142,[4507.0]
1143,[2231.0]
1144,[865.0]
1145,[876.0]
1146,[1425.0]
1147,[1329.0]
1148,[2618.0]
1149,[1175.0]
1150,[1694.0]
1151,[106.0]
1152,[597.0]
1153,[4644.0]
1154,[1814.0]
1155,[257.0]
1156,[4738.0]
1157,[3070.0]
1158,[2192.0]
1159,[3644.0]
1160,[4387.0]
1161,[2435.0]
1162,[738.0]
1163,[971.0]
1164,[431.0]
1165,[1136.0]
1166,[4838.0]
1167,[4134.0]
1168,[1347.0]
1169,[3777.0]
1170,[1639.0]
1171,[364.0]
1172,[591.0]
1173,[2457.0]
1174,[2508.0]
1175,[1840.0]
1176,[555.0]
1177,[1738.0]
1178,[11.0]
1179,[518.0]
1180,[2094.0]
1181,[765.0]
1182,[3308.0]
1183,[798.0]
1184,[1313.0]
1185,[3176.0]
1186,[1941.0]
1187,[1173.0]
1188,[1906.0]
1189,[1209.0]
1190,[2690.0]
1191,[512.0]
1192,[4288.0]
1193,[1366.0]
1194,[4368.0]
1195,[3212.0]
1196,[3943.0]
1197,[2715.0]
1198,[2888.0]
1199,[2911.0]
1200,[4130.0]
1201,[1779.0]
1202,[2194.0]
1203,[3937.0]
1204,[3626.0]
1205,[2747.0]
1206,[213.0]
1207,[2696.0]
1208,[985.0]
1209,[437.0]
1210,[1631.0]
1211,[4432.0]
1212,[4096.0]
1213,[2969.0]
1214,[4760.0]
1215,[3015.0]
1216,[4608.0]
1217,[4289.0]
1218,[3340.0]
1219,[54.0]
1220,[3460.0]
1221,[342.0]
1222,[670.0]
1223,[4155.0]
1224,[142.0]
1225,[1149.0]
1226,[4104.0]
1227,[70.0]
1228,[1912.0]
1229,[3503.0]
1230,[120.0]
1231,[2694.0]
1232,[3717.0]
1233,[1463.0]
1234,[940.0]
1235,[2499.0]
1236,[728.0]
1237,[2224.0]
1238,[503.0]
1239,[3261.0]
1240,[2262.0]
1241,[2090.0]
1242,[3576.0]
1243,[2844.0]
1244,[4093.0]
1245,[717.0]
1246,[3760.0]
1247,[4635.0]
1248,[2118.0]
1249,[2344.0]
1250,[1337.0]
1251,[3322.0]
1252,[819.0]
1253,[64.0]
1254,[3615.0]
1255,[3281.0]
1256,[4855.0]
1257,[474.0]
1258,[500.0]
1259,[4240.0]
1260,[3248.0]
1261,[3713.0]
1262,[4575.0]
1263,[943.0]
1264,[1073.0]
1265,[1108.0]
1266,[4124.0]
1267,[4440.0]
1268,[1298.0]
1269,[248.0]
1270,[2556.0]
1271,[3955.0]
1272,[4071.0]
1273,[965.0]
1274,[2730.0]
1275,[1101.0]
1276,[957.0]
1277,[4739.0]
1278,[4108.0]
1279,[66.0]
1280,[27.0]
1281,[3446.0]
1282,[515.0]
1283,[1491.0]
1284,[3927.0]
1285,[2720.0]
1286,[2815.0]
1287,[3331.0]
1288,[3017.0]
1289,[24.0]
1290,[2277.0]
1291,[2831.0]
1292,[3198.0]
1293,[2681.0]
1294,[97.0]
1295,[299.0]
1296,[4589.0]
1297,[1978.0]
1298,[3825.0]
1299,[1998.0]
1300,[2519.0]
1301,[3012.0]
1302,[858.0]
1303,[3178.0]
1304,[874.0]
1305,[1200.0]
1306,[3351.0]
1307,[3837.0]
1308,[416.0]
1309,[2823.0]
1310,[2353.0]
1311,[3467.0]
1312,[1976.0]
1313,[3504.0]
1314,[2301.0]
1315,[2847.0]
1316,[4094.0]
1317,[1401.0]
1318,[4407.0]
1319,[4146.0]
1320,[4600.0]
1321,[2255.0]
1322,[2073.0]
1323,[56.0]
1324,[1678.0]
1325,[901.0]
1326,[4241.0]
1327,[2348.0]
1328,[497.0]
1329,[2647.0]
1330,[617.0]
1331,[1616.0]
1332,[3350.0]
1333,[744.0]
1334,[1952.0]
1335,[1223.0]
1336,[4343.0]
1337,[676.0]
1338,[1747.0]
1339,[492.0]
1340,[303.0]
1341,[3252.0]
1342,[4709.0]
1343,[1090.0]
1344,[4459.0]
1345,[2325.0]
1346,[334.0]
1347,[1076.0]
1348,[995.0]
1349,[2034.0]
1350,[4599.0]
1351,[1162.0]
1352,[2159.0]
1353,[1441.0]
1354,[2869.0]
1355,[598.0]
1356,[4030.0]
1357,[4143.0]
1358,[400.0]
1359,[549.0]
1360,[1102.0]
1361,[1656.0]
1362,[1994.0]
1363,[823.0]
1364,[719.0]
1365,[3230.0]
1366,[1537.0]
1367,[1919.0]
1368,[406.0]
1369,[1869.0]
1370,[4103.0]
1371,[4790.0]
1372,[1083.0]
1373,[365.0]
1374,[890.0]
1375,[2811.0]
1376,[1429.0]
1377,[4356.0]
1378,[3115.0]
1379,[2988.0]
1380,[4633.0]
1381,[3625.0]
1382,[3.0]
1383,[200.0]
1384,[1321.0]
1385,[4209.0]
1386,[2886.0]
1387,[2458.0]
1388,[3404.0]
1389,[4190.0]
1390,[1498.0]
1391,[4437.0]
1392,[2071.0]
1393,[2683.0]
1394,[2944.0]
1395,[3189.0]
1396,[4224.0]
1397,[1986.0]
1398,[2983.0]
1399,[2716.0]
1400,[1183.0]
1401,[1468.0]
1402,[1049.0]
1403,[3086.0]
1404,[2442.0]
1405,[3332.0]
1406,[1303.0]
1407,[825.0]
1408,[4750.0]
1409,[4429.0]
1410,[4077.0]
1411,[2538.0]
1412,[4711.0]
1413,[3799.0]
1414,[2182.0]
1415,[1528.0]
1416,[3035.0]
1417,[1975.0]
1418,[4126.0]
1419,[4326.0]
1420,[926.0]
1421,[3222.0]
1422,[2429.0]
1423,[968.0]
1424,[4229.0]
1425,[87.0]
1426,[4552.0]
1427,[3127.0]
1428,[3109.0]
1429,[1148.0]
1430,[1787.0]
1431,[1406.0]
1432,[3448.0]
1433,[3318.0]
1434,[3647.0]
1435,[3778.0]
1436,[9.0]
1437,[4825.0]
1438,[4265.0]
1439,[2973.0]
1440,[2981.0]
1441,[4197.0]
1442,[1746.0]
1443,[1226.0]
1444,[1745.0]
1445,[380.0]
1446,[1220.0]
1447,[2943.0]
1448,[4025.0]
1449,[3305.0]
1450,[4221.0]
1451,[4373.0]
1452,[725.0]
1453,[709.0]
1454,[4620.0]
1455,[396.0]
1456,[667.0]
1457,[160.0]
1458,[3895.0]
1459,[453.0]
1460,[4294.0]
1461,[95.0]
1462,[4658.0]
1463,[726.0]
1464,[4056.0]
1465,[4774.0]
1466,[1989.0]
1467,[2684.0]
1468,[700.0]
1469,[4314.0]
1470,[2261.0]
1471,[711.0]
1472,[4036.0]
1473,[3375.0]
1474,[2643.0]
1475,[722.0]
1476,[4685.0]
1477,[1399.0]
1478,[4785.0]
1479,[2898.0]
1480,[3711.0]
1481,[55.0]
1482,[2947.0]
1483,[3278.0]
1484,[2606.0]
1485,[2303.0]
1486,[1306.0]
1487,[1538.0]
1488,[3169.0]
1489,[221.0]
1490,[1701.0]
1491,[1888.0]
1492,[662.0]
1493,[1212.0]
1494,[539.0]
1495,[259.0]
1496,[1755.0]
1497,[3994.0]
1498,[4441.0]
1499,[4537.0]
1500,[2275.0]
1501,[3512.0]
1502,[4009.0]
1503,[4616.0]
1504,[579.0]
1505,[601.0]
1506,[2354.0]
1507,[4310.0]
1508,[4308.0]
1509,[835.0]
1510,[1361.0]
1511,[4402.0]
1512,[669.0]
1513,[4676.0]
1514,[898.0]
1515,[3637.0]
1516,[351.0]
1517,[3005.0]
1518,[3698.0]
1519,[2219.0]
1520,[1934.0]
1521,[2187.0]
1522,[3618.0]
1523,[1288.0]
1524,[3488.0]
1525,[3515.0]
1526,[2621.0]
1527,[2960.0]
1528,[4242.0]
1529,[3926.0]
1530,[2578.0]
1531,[3262.0]
1532,[1669.0]
1533,[3034.0]
1534,[150.0]
1535,[4802.0]
1536,[587.0]
1537,[4028.0]
1538,[480.0]
1539,[190.0]
1540,[1957.0]
1541,[374.0]
1542,[3447.0]
1543,[4661.0]
1544,[1052.0]
1545,[203.0]
1546,[891.0]
1547,[2233.0]
1548,[1227.0]
1549,[610.0]
1550,[4533.0]
1551,[3771.0]
1552,[1797.0]
1553,[3983.0]
1554,[4102.0]
1555,[423.0]
1556,[2430.0]
1557,[1270.0]
1558,[611.0]
1559,[1661.0]
1560,[109.0]
1561,[4723.0]
1562,[2107.0]
1563,[1362.0]
1564,[3489.0]
1565,[1846.0]
1566,[514.0]
1567,[2411.0]
1568,[445.0]
1569,[456.0]
1570,[358.0]
1571,[4268.0]
1572,[4234.0]
1573,[2024.0]
1574,[1750.0]
1575,[2626.0]
1576,[3126.0]
1577,[2037.0]
1578,[1345.0]
1579,[818.0]
1580,[2207.0]
1581,[443.0]
1582,[3814.0]
1583,[2362.0]
1584,[1248.0]
1585,[4897.0]
1586,[4277.0]
1587,[2957.0]
1588,[144.0]
1589,[2998.0]
1590,[341.0]
1591,[2996.0]
1592,[252.0]
1593,[2587.0]
1594,[1712.0]
1595,[2544.0]
1596,[4660.0]
1597,[4677.0]
1598,[805.0]
1599,[1515.0]
1600,[781.0]
1601,[691.0]
1602,[211.0]
1603,[2320.0]
1604,[4763.0]
1605,[900.0]
1606,[3541.0]
1607,[2972.0]
1608,[2600.0]
1609,[4032.0]
1610,[3352.0]
1611,[4206.0]
1612,[4105.0]
1613,[1867.0]
1614,[1444.0]
1615,[2764.0]
1616,[1237.0]
1617,[4558.0]
1618,[3582.0]
1619,[1370.0]
1620,[1174.0]
1621,[1988.0]
1622,[2181.0]
1623,[1850.0]
1624,[1253.0]
1625,[1269.0]
1626,[2317.0]
1627,[328.0]
1628,[4082.0]
1629,[105.0]
1630,[3125.0]
1631,[1218.0]
1632,[3225.0]
1633,[680.0]
1634,[383.0]
1635,[3279.0]
1636,[2910.0]
1637,[461.0]
1638,[1374.0]
1639,[1071.0]
1640,[2280.0]
1641,[2721.0]
1642,[2286.0]
1643,[3055.0]
1644,[1901.0]
1645,[4114.0]
1646,[553.0]
1647,[3885.0]
1648,[1042.0]
1649,[4448.0]
1650,[4767.0]
1651,[2271.0]
1652,[1943.0]
1653,[171.0]
1654,[4471.0]
1655,[653.0]
1656,[4293.0]
1657,[3079.0]
1658,[2834.0]
1659,[1100.0]
1660,[2778.0]
1661,[2216.0]
1662,[327.0]
1663,[3122.0]
1664,[2069.0]
1665,[3272.0]
1666,[3501.0]
1667,[1168.0]
1668,[4557.0]
1669,[3567.0]
1670,[1144.0]
1671,[1390.0]
1672,[4342.0]
1673,[3585.0]
1674,[1167.0]
1675,[2119.0]
1676,[4486.0]
1677,[1506.0]
1678,[2062.0]
1679,[61.0]
1680,[4438.0]
1681,[475.0]
1682,[1131.0]
1683,[4496.0]
1684,[803.0]
1685,[3067.0]
1686,[4873.0]
1687,[333.0]
1688,[516.0]
1689,[4839.0]
1690,[4005.0]
1691,[2157.0]
1692,[3731.0]
1693,[4098.0]
1694,[2470.0]
1695,[3145.0]
1696,[1706.0]
1697,[2739.0]
1698,[3443.0]
1699,[2016.0]
1700,[4891.0]
1701,[4561.0]
1702,[4207.0]
1703,[3029.0]
1704,[644.0]
1705,[1744.0]
1706,[2423.0]
1707,[2501.0]
1708,[3213.0]
1709,[2734.0]
1710,[3441.0]
1711,[3405.0]
1712,[3075.0]
1713,[4184.0]
1714,[2382.0]
1715,[2873.0]
1716,[4431.0]
1717,[4896.0]
1718,[1710.0]
1719,[1025.0]
1720,[2179.0]
1721,[2136.0]
1722,[3953.0]
1723,[3934.0]
1724,[3507.0]
1725,[2177.0]
1726,[3938.0]
1727,[704.0]
1728,[2190.0]
1729,[4500.0]
1730,[1000.0]
1731,[4852.0]
1732,[634.0]
1733,[489.0]
1734,[3793.0]
1735,[42.0]
1736,[4769.0]
1737,[4528.0]
1738,[963.0]
1739,[4070.0]
1740,[4777.0]
1741,[3786.0]
1742,[2835.0]
1743,[3357.0]
1744,[4208.0]
1745,[3325.0]
1746,[3689.0]
1747,[1357.0]
1748,[1398.0]
1749,[2785.0]
1750,[1837.0]
1751,[4851.0]
1752,[4884.0]
1753,[4116.0]
1754,[3712.0]
1755,[4628.0]
1756,[291.0]
1757,[2576.0]
1758,[538.0]
1759,[933.0]
1760,[872.0]
1761,[655.0]
1762,[4062.0]
1763,[1858.0]
1764,[3129.0]
1765,[3153.0]
1766,[4257.0]
1767,[4248.0]
1768,[1768.0]
1769,[2693.0]
1770,[1861.0]
1771,[2185.0]
1772,[2961.0]
1773,[4322.0]
1774,[3002.0]
1775,[1543.0]
1776,[3184.0]
1777,[4180.0]
1778,[645.0]
1779,[1946.0]
1780,[1658.0]
1781,[3606.0]
1782,[2779.0]
1783,[810.0]
1784,[3435.0]
1785,[2667.0]
1786,[2257.0]
1787,[544.0]
1788,[1066.0]
1789,[3102.0]
1790,[1505.0]
1791,[970.0]
1792,[4403.0]
1793,[2752.0]
1794,[1075.0]
1795,[3018.0]
1796,[1098.0]
1797,[571.0]
1798,[4524.0]
1799,[3112.0]
1800,[4573.0]
1801,[2976.0]
1802,[2510.0]
1803,[122.0]
1804,[2146.0]
1805,[4708.0]
1806,[310.0]
1807,[4466.0]
1808,[797.0]
1809,[4177.0]
1810,[2542.0]
1811,[2863.0]
1812,[3892.0]
1813,[3859.0]
1814,[1050.0]
1815,[4319.0]
1816,[4024.0]
1817,[2452.0]
1818,[887.0]
1819,[3472.0]
1820,[4049.0]
1821,[799.0]
1822,[4188.0]
1823,[2198.0]
1824,[2316.0]
1825,[2479.0]
1826,[103.0]
1827,[897.0]
1828,[2955.0]
1829,[321.0]
1830,[3159.0]
1831,[2245.0]
1832,[1754.0]
1833,[671.0]
1834,[1154.0]
1835,[3268.0]
1836,[3913.0]
1837,[3131.0]
1838,[4087.0]
1839,[4374.0]
1840,[3977.0]
1841,[619.0]
1842,[2018.0]
1843,[4369.0]
1844,[4756.0]
1845,[2810.0]
1846,[2460.0]
1847,[1821.0]
1848,[1803.0]
1849,[2027.0]
1850,[72.0]
1851,[235.0]
1852,[3463.0]
1853,[4193.0]
1854,[2132.0]
1855,[4348.0]
1856,[2798.0]
1857,[417.0]
1858,[2311.0]
1859,[3073.0]
1860,[3835.0]
1861,[795.0]
1862,[388.0]
1863,[3602.0]
1864,[4475.0]
1865,[3889.0]
1866,[3794.0]
1867,[2672.0]
1868,[4504.0]
1869,[449.0]
1870,[4569.0]
1871,[3517.0]
1872,[4579.0]
1873,[4474.0]
1874,[4415.0]
1875,[2753.0]
1876,[813.0]
1877,[2771.0]
1878,[3511.0]
1879,[2467.0]
1880,[3498.0]
1881,[2058.0]
1882,[1987.0]
1883,[4270.0]
1884,[2061.0]
1885,[696.0]
1886,[2406.0]
1887,[4127.0]
1888,[3091.0]
1889,[225.0]
1890,[1402.0]
1891,[4506.0]
1892,[1619.0]
1893,[3947.0]
1894,[4469.0]
1895,[2426.0]
1896,[98.0]
1897,[2361.0]
1898,[4381.0]
1899,[141.0]
1900,[2677.0]
1901,[4449.0]
1902,[338.0]
1903,[130.0]
1904,[4555.0]
1905,[2270.0]
1906,[1273.0]
1907,[2183.0]
1908,[3692.0]
1909,[2495.0]
1910,[2367.0]
1911,[4113.0]
1912,[1433.0]
1913,[2534.0]
1914,[1085.0]
1915,[2790.0]
1916,[1318.0]
1917,[2100.0]
1918,[2208.0]
1919,[4017.0]
1920,[899.0]
1921,[4183.0]
1922,[2421.0]
1923,[1724.0]
1924,[4516.0]
1925,[476.0]
1926,[1087.0]
1927,[4724.0]
1928,[2723.0]
1929,[582.0]
1930,[1115.0]
1931,[3195.0]
1932,[1080.0]
1933,[893.0]
1934,[1948.0]
1935,[3240.0]
1936,[4698.0]
1937,[4210.0]
1938,[2220.0]
1939,[4386.0]
1940,[3310.0]
1941,[4647.0]
1942,[1454.0]
1943,[1874.0]
1944,[4741.0]
1945,[806.0]
1946,[4363.0]
1947,[4304.0]
1948,[770.0]
1949,[2358.0]
1950,[4329.0]
1951,[1289.0]
1952,[881.0]
1953,[4710.0]
1954,[3133.0]
1955,[2599.0]
1956,[2665.0]
1957,[283.0]
1958,[4227.0]
1959,[76.0]
1960,[2079.0]
1961,[2891.0]
1962,[2648.0]
1963,[3674.0]
1964,[2513.0]
1965,[3811.0]
1966,[3219.0]
1967,[2791.0]
1968,[3852.0]
1969,[1834.0]
1970,[4269.0]
1971,[2963.0]
1972,[577.0]
1973,[4725.0]
1974,[2196.0]
1975,[2840.0]
1976,[829.0]
1977,[1689.0]
1978,[3389.0]
1979,[132.0]
1980,[710.0]
1981,[3293.0]
1982,[3499.0]
1983,[2857.0]
1984,[4279.0]
1985,[742.0]
1986,[3746.0]
1987,[193.0]
1988,[2240.0]
1989,[832.0]
1990,[1870.0]
1991,[329.0]
1992,[4187.0]
1993,[467.0]
1994,[959.0]
1995,[1113.0]
1996,[868.0]
1997,[3008.0]
1998,[2356.0]
1999,[278.0]
2000,[4541.0]
2001,[1459.0]
2002,[1301.0]
2003,[4476.0]
2004,[909.0]
2005,[3417.0]
2006,[3251.0]
2007,[3457.0]
2008,[3530.0]
2009,[2754.0]
2010,[4307.0]
2011,[3294.0]
2012,[4276.0]
2013,[1769.0]
2014,[28.0]
2015,[3723.0]
2016,[2661.0]
2017,[477.0]
2018,[2453.0]
2019,[491.0]
2020,[556.0]
2021,[2193.0]
2022,[330.0]
2023,[4202.0]
2024,[4534.0]
2025,[2349.0]
2026,[272.0]
2027,[682.0]
2028,[4033.0]
2029,[3677.0]
2030,[3643.0]
2031,[0.0]
2032,[293.0]
2033,[3608.0]
2034,[4081.0]
2035,[2272.0]
2036,[3720.0]
2037,[4564.0]
2038,[2324.0]
2039,[4643.0]
2040,[755.0]
2041,[3412.0]
2042,[922.0]
2043,[263.0]
2044,[4394.0]
2045,[4297.0]
2046,[1440.0]
2047,[4211.0]
2048,[382.0]
2049,[3486.0]
2050,[319.0]
2051,[3864.0]
2052,[359.0]
2053,[939.0]
2054,[3111.0]
2055,[1910.0]
2056,[179.0]
2057,[918.0]
2058,[301.0]
2059,[3214.0]
2060,[1792.0]
2061,[570.0]
2062,[4243.0]
2063,[2551.0]
2064,[198.0]
2065,[1573.0]
2066,[4237.0]
2067,[1965.0]
2068,[1660.0]
2069,[4083.0]
2070,[902.0]
2071,[1388.0]
2072,[827.0]
2073,[1585.0]
2074,[1327.0]
2075,[2351.0]
2076,[2029.0]
2077,[983.0]
2078,[3317.0]
2079,[2881.0]
2080,[2471.0]
2081,[15.0]
2082,[2650.0]
2083,[3764.0]
2084,[3116.0]
2085,[4467.0]
2086,[4444.0]
2087,[558.0]
2088,[4646.0]
2089,[4271.0]
2090,[535.0]
2091,[1045.0]
2092,[3433.0]
2093,[1403.0]
2094,[631.0]
2095,[1687.0]
2096,[3808.0]
2097,[2375.0]
2098,[2251.0]
2099,[3396.0]
2100,[935.0]
2101,[1956.0]
2102,[2416.0]
2103,[2909.0]
2104,[78.0]
2105,[4613.0]
2106,[4205.0]
2107,[2484.0]
2108,[2839.0]
2109,[967.0]
2110,[3205.0]
2111,[4296.0]
2112,[331.0]
2113,[1764.0]
2114,[2149.0]
2115,[3298.0]
2116,[112.0]
2117,[232.0]
2118,[1740.0]
2119,[826.0]
2120,[4858.0]
2121,[3555.0]
2122,[2808.0]
2123,[3787.0]
2124,[3940.0]
2125,[4655.0]
2126,[2979.0]
2127,[2405.0]
2128,[2289.0]
2129,[1791.0]
2130,[1349.0]
2131,[4590.0]
2132,[686.0]
2133,[3957.0]
2134,[214.0]
2135,[3930.0]
2136,[1999.0]
2137,[2942.0]
2138,[4631.0]
2139,[3190.0]
2140,[1495.0]
2141,[895.0]
2142,[3548.0]
2143,[2134.0]
2144,[288.0]
2145,[366.0]
2146,[3509.0]
2147,[2296.0]
2148,[4355.0]
2149,[928.0]
2150,[923.0]
2151,[3341.0]
2152,[4191.0]
2153,[1247.0]
2154,[1044.0]
2155,[3323.0]
2156,[1013.0]
2157,[4864.0]
2158,[3946.0]
2159,[2004.0]
2160,[335.0]
2161,[2876.0]
2162,[2830.0]
2163,[3733.0]
2164,[3695.0]
2165,[1282.0]
2166,[543.0]
2167,[2832.0]
2168,[4286.0]
2169,[1084.0]
2170,[3992.0]
2171,[4358.0]
2172,[833.0]
2173,[2302.0]
2174,[2894.0]
2175,[1416.0]
2176,[3612.0]
2177,[3898.0]
2178,[2101.0]
2179,[3464.0]
2180,[1169.0]
2181,[569.0]
2182,[2343.0]
2183,[3929.0]
2184,[2992.0]
2185,[3299.0]
2186,[275.0]
2187,[3134.0]
2188,[3361.0]
2189,[337.0]
2190,[4302.0]
2191,[164.0]
2192,[3897.0]
2193,[2901.0]
2194,[3229.0]
2195,[3209.0]
2196,[932.0]
2197,[2826.0]
2198,[1232.0]
2199,[3568.0]
2200,[3103.0]
2201,[3986.0]
2202,[3518.0]
2203,[3369.0]
2204,[274.0]
2205,[4305.0]
2206,[1705.0]
2207,[773.0]
2208,[1258.0]
2209,[1659.0]
2210,[695.0]
2211,[4511.0]
2212,[237.0]
2213,[3480.0]
2214,[1384.0]
2215,[414.0]
2216,[2550.0]
2217,[2204.0]
2218,[941.0]
2219,[4463.0]
2220,[4697.0]
2221,[2439.0]
2222,[482.0]
2223,[3817.0]
2224,[102.0]
2225,[1718.0]
2226,[2033.0]
2227,[3194.0]
2228,[2717.0]
2229,[362.0]
2230,[4057.0]
2231,[624.0]
2232,[1894.0]
2233,[4038.0]
2234,[2948.0]
2235,[2954.0]
2236,[1967.0]
2237,[3538.0]
2238,[3874.0]
2239,[2318.0]
2240,[3599.0]
2241,[2064.0]
2242,[2278.0]
2243,[689.0]
2244,[2124.0]
2245,[4740.0]
2246,[510.0]
2247,[1597.0]
2248,[782.0]
2249,[2243.0]
2250,[242.0]
2251,[2760.0]
2252,[3328.0]
2253,[690.0]
2254,[4389.0]
2255,[1296.0]
2256,[1753.0]
2257,[2685.0]
2258,[708.0]
2259,[3792.0]
2260,[4385.0]
2261,[761.0]
2262,[3853.0]
2263,[19.0]
2264,[3905.0]
2265,[434.0]
2266,[3649.0]
2267,[1445.0]
2268,[2091.0]
2269,[661.0]
2270,[3658.0]
2271,[2114.0]
2272,[2766.0]
2273,[4166.0]
2274,[4169.0]
2275,[2223.0]
2276,[1732.0]
2277,[4417.0]
2278,[1091.0]
2279,[3440.0]
2280,[4827.0]
2281,[156.0]
2282,[420.0]
2283,[4366.0]
2284,[3931.0]
2285,[2374.0]
2286,[2409.0]
2287,[2117.0]
2288,[4142.0]
2289,[2568.0]
2290,[2041.0]
2291,[3768.0]
2292,[1752.0]
2293,[2137.0]
2294,[3392.0]
2295,[1765.0]
2296,[1622.0]
2297,[3877.0]
2298,[398.0]
2299,[2797.0]
2300,[4551.0]
2301,[2060.0]
2302,[1749.0]
2303,[1479.0]
2304,[286.0]
2305,[3188.0]
2306,[3004.0]
2307,[1343.0]
2308,[487.0]
2309,[2703.0]
2310,[4428.0]
2311,[1074.0]
2312,[3330.0]
2313,[2736.0]
2314,[822.0]
2315,[2000.0]
2316,[4189.0]
2317,[3297.0]
2318,[1849.0]
2319,[2521.0]
2320,[4306.0]
2321,[104.0]
2322,[3648.0]
2323,[3033.0]
2324,[4485.0]
2325,[4010.0]
2326,[1530.0]
2327,[2236.0]
2328,[1889.0]
2329,[2929.0]
2330,[3824.0]
2331,[2153.0]
2332,[429.0]
2333,[2745.0]
2334,[3306.0]
2335,[3788.0]
2336,[3942.0]
2337,[2142.0]
2338,[3645.0]
2339,[3036.0]
2340,[2645.0]
2341,[3790.0]
2342,[1964.0]
2343,[2478.0]
2344,[1795.0]
2345,[2884.0]
2346,[3239.0]
2347,[67.0]
2348,[1711.0]
2349,[701.0]
2350,[2915.0]
2351,[3603.0]
2352,[4112.0]
2353,[440.0]
2354,[4391.0]
2355,[3948.0]
2356,[2571.0]
2357,[2671.0]
2358,[4832.0]
2359,[65.0]
2360,[1890.0]
2361,[2352.0]
2362,[2801.0]
2363,[1133.0]
2364,[2904.0]
2365,[3719.0]
2366,[4624.0]
2367,[261.0]
2368,[2002.0]
2369,[2714.0]
2370,[3384.0]
2371,[964.0]
2372,[1147.0]
2373,[4299.0]
2374,[592.0]
2375,[4406.0]
2376,[3228.0]
2377,[1004.0]
2378,[86.0]
2379,[4200.0]
2380,[2722.0]
2381,[1344.0]
2382,[2687.0]
2383,[3174.0]
2384,[1493.0]
2385,[1877.0]
2386,[2496.0]
2387,[3356.0]
2388,[2751.0]
2389,[2934.0]
2390,[3967.0]
2391,[2482.0]
2392,[3263.0]
2393,[349.0]
2394,[3105.0]
2395,[2238.0]
2396,[2619.0]
2397,[2048.0]
2398,[4119.0]
2399,[4309.0]
2400,[2290.0]
2401,[219.0]
2402,[3976.0]
2403,[1657.0]
2404,[931.0]
2405,[2906.0]
2406,[1256.0]
2407,[199.0]
2408,[2670.0]
2409,[1427.0]
2410,[3120.0]
2411,[1330.0]
2412,[2175.0]
2413,[1673.0]
2414,[2554.0]
2415,[749.0]
2416,[4536.0]
2417,[3629.0]
2418,[3590.0]
2419,[4145.0]
2420,[2227.0]
2421,[1240.0]
2422,[2758.0]
2423,[3904.0]
2424,[3789.0]
2425,[699.0]
2426,[1377.0]
2427,[3954.0]
2428,[987.0]
2429,[2795.0]
2430,[807.0]
2431,[1828.0]
2432,[4088.0]
2433,[4154.0]
2434,[4075.0]
2435,[92.0]
2436,[638.0]
2437,[2675.0]
2438,[956.0]
2439,[4780.0]
2440,[4382.0]
2441,[958.0]
2442,[3394.0]
2443,[3791.0]
2444,[412.0]
2445,[613.0]
2446,[1252.0]
2447,[4037.0]
2448,[3909.0]
2449,[3249.0]
2450,[4078.0]
2451,[857.0]
2452,[1926.0]
2453,[573.0]
2454,[594.0]
2455,[3465.0]
2456,[189.0]
2457,[4879.0]
2458,[2287.0]
2459,[760.0]
2460,[4425.0]
2461,[618.0]
2462,[267.0]
2463,[3627.0]
2464,[4258.0]
2465,[1703.0]
2466,[2986.0]
2467,[2042.0]
2468,[2759.0]
2469,[4531.0]
2470,[4267.0]
2471,[3431.0]
2472,[46.0]
2473,[3429.0]
2474,[1145.0]
2475,[4679.0]
2476,[4479.0]
2477,[3586.0]
2478,[4707.0]
2479,[316.0]
2480,[1001.0]
2481,[4794.0]
2482,[692.0]
2483,[2908.0]
2484,[40.0]
2485,[1570.0]
2486,[1143.0]
2487,[89.0]
2488,[2001.0]
2489,[1293.0]
2490,[4664.0]
2491,[3752.0]
2492,[3346.0]
2493,[2047.0]
2494,[4535.0]
2495,[3037.0]
2496,[2952.0]
2497,[196.0]
2498,[2776.0]
2499,[3390.0]
2500,[2462.0]
2501,[840.0]
2502,[1857.0]
2503,[1772.0]
2504,[643.0]
2505,[2788.0]
2506,[4327.0]
2507,[864.0]
2508,[576.0]
2509,[307.0]
2510,[268.0]
2511,[4650.0]
2512,[1116.0]
2513,[4014.0]
2514,[679.0]
2515,[4553.0]
2516,[2387.0]
2517,[2783.0]
2518,[3444.0]
2519,[896.0]
2520,[425.0]
2521,[4615.0]
2522,[4638.0]
2523,[4657.0]
2524,[4667.0]
2525,[4435.0]
2526,[4734.0]
2527,[4885.0]
2528,[4390.0]
2529,[3572.0]
2530,[3140.0]
2531,[3525.0]
2532,[2581.0]
2533,[4160.0]
2534,[1908.0]
2535,[3684.0]
2536,[3016.0]
2537,[1387.0]
2538,[4092.0]
2539,[1620.0]
2540,[1971.0]
2541,[1823.0]
2542,[4274.0]
2543,[4159.0]
2544,[302.0]
2545,[305.0]
2546,[1984.0]
2547,[3834.0]
2548,[651.0]
2549,[2288.0]
2550,[4272.0]
2551,[1500.0]
2552,[2171.0]
2553,[3740.0]
2554,[3999.0]
2555,[2616.0]
2556,[4478.0]
2557,[3376.0]
2558,[2612.0]
2559,[2239.0]
2560,[2084.0]
2561,[1010.0]
2562,[3543.0]
2563,[2076.0]
2564,[1397.0]
2565,[3424.0]
2566,[2856.0]
2567,[322.0]
2568,[2557.0]
2569,[786.0]
2570,[3146.0]
2571,[533.0]
2572,[1452.0]
2573,[1829.0]
2574,[3941.0]
2575,[4796.0]
2576,[3998.0]
2577,[216.0]
2578,[3534.0]
2579,[1682.0]
2580,[2933.0]
2581,[2912.0]
2582,[921.0]
2583,[2585.0]
2584,[1163.0]
2585,[603.0]
2586,[2170.0]
2587,[4727.0]
2588,[2555.0]
2589,[1524.0]
2590,[2748.0]
2591,[4352.0]
2592,[4673.0]
2593,[3743.0]
2594,[108.0]
2595,[1213.0]
2596,[3923.0]
2597,[554.0]
2598,[4214.0]
2599,[270.0]
2600,[3211.0]
2601,[3767.0]
2602,[2536.0]
2603,[2897.0]
2604,[2112.0]
2605,[1832.0]
2606,[371.0]
2607,[3784.0]
2608,[739.0]
2609,[4216.0]
2610,[4693.0]
2611,[715.0]
2612,[841.0]
2613,[1191.0]
2614,[2202.0]
2615,[1156.0]
2616,[3971.0]
2617,[3418.0]
2618,[3958.0]
2619,[3910.0]
2620,[157.0]
2621,[1097.0]
2622,[4236.0]
2623,[2977.0]
2624,[3891.0]
2625,[206.0]
2626,[2051.0]
2627,[2075.0]
2628,[1216.0]
2629,[3260.0]
2630,[837.0]
2631,[370.0]
2632,[3887.0]
2633,[1980.0]
2634,[2583.0]
2635,[1501.0]
2636,[3144.0]
2637,[3255.0]
2638,[2284.0]
2639,[1905.0]
2640,[836.0]
2641,[4759.0]
2642,[3259.0]
2643,[2253.0]
2644,[2104.0]
2645,[1743.0]
2646,[4544.0]
2647,[3974.0]
2648,[1291.0]
2649,[842.0]
2650,[4050.0]
2651,[4687.0]
2652,[2237.0]
2653,[4255.0]
2654,[3093.0]
2655,[1799.0]
2656,[290.0]
2657,[747.0]
2658,[4460.0]
2659,[2699.0]
2660,[962.0]
2661,[4377.0]
2662,[3867.0]
2663,[4215.0]
2664,[4672.0]
2665,[4344.0]
2666,[222.0]
2667,[753.0]
2668,[1525.0]
2669,[1771.0]
2670,[2520.0]
2671,[4148.0]
2672,[3914.0]
2673,[1215.0]
2674,[4053.0]
2675,[783.0]
2676,[2384.0]
2677,[2762.0]
2678,[4400.0]
2679,[1411.0]
2680,[2924.0]
2681,[4055.0]
2682,[3051.0]
2683,[960.0]
2684,[1107.0]
2685,[3861.0]
2686,[233.0]
2687,[2858.0]
2688,[4820.0]
2689,[3621.0]
2690,[3183.0]
2691,[4144.0]
2692,[4333.0]
2693,[2173.0]
2694,[1904.0]
2695,[4412.0]
2696,[4656.0]
2697,[201.0]
2698,[4192.0]
2699,[4250.0]
2700,[2728.0]
2701,[4001.0]
2702,[4481.0]
2703,[39.0]
2704,[3013.0]
2705,[3908.0]
2706,[3587.0]
2707,[1954.0]
2708,[2489.0]
2709,[2940.0]
2710,[3552.0]
2711,[2045.0]
2712,[3616.0]
2713,[3449.0]
2714,[4058.0]
2715,[1262.0]
2716,[3358.0]
2717,[3042.0]
2718,[3551.0]
2719,[4512.0]
2720,[4518.0]
2721,[612.0]
2722,[2089.0]
2723,[2548.0]
2724,[2327.0]
2725,[4091.0]
2726,[3066.0]
2727,[1882.0]
2728,[3819.0]
2729,[3477.0]
2730,[3493.0]
2731,[800.0]
2732,[410.0]
2733,[4045.0]
2734,[541.0]
2735,[101.0]
2736,[234.0]
2737,[748.0]
2738,[4266.0]
2739,[3758.0]
2740,[1082.0]
2741,[3437.0]
2742,[2283.0]
2743,[3847.0]
2744,[790.0]
2745,[678.0]
2746,[4153.0]
2747,[4626.0]
2748,[3757.0]
2749,[4442.0]
2750,[973.0]
2751,[3912.0]
2752,[830.0]
2753,[3831.0]
2754,[3148.0]
2755,[3703.0]
2756,[737.0]
2757,[3922.0]
2758,[1684.0]
2759,[1447.0]
2760,[3280.0]
2761,[1157.0]
2762,[4315.0]
2763,[3474.0]
2764,[1336.0]
2765,[4712.0]
2766,[1982.0]
2767,[127.0]
2768,[3732.0]
2769,[3344.0]
2770,[3132.0]
2771,[1394.0]
2772,[3544.0]
2773,[3802.0]
2774,[3631.0]
2775,[3030.0]
2776,[4367.0]
2777,[2946.0]
2778,[3605.0]
2779,[2958.0]
2780,[4140.0]
2781,[4530.0]
2782,[4409.0]
2783,[287.0]
2784,[3292.0]
2785,[4443.0]
2786,[4447.0]
2787,[3414.0]
2788,[2724.0]
2789,[3989.0]
2790,[3755.0]
2791,[4398.0]
2792,[521.0]
2793,[2624.0]
2794,[3751.0]
2795,[355.0]
2796,[1449.0]
2797,[4201.0]
2798,[4325.0]
2799,[3181.0]
2800,[4012.0]
2801,[2953.0]
2802,[4330.0]
2803,[1475.0]
2804,[3349.0]
2805,[4731.0]
2806,[2867.0]
2807,[1728.0]
2808,[3359.0]
2809,[2846.0]
2810,[1692.0]
2811,[4420.0]
2812,[4706.0]
2813,[3813.0]
2814,[2123.0]
2815,[2994.0]
2816,[217.0]
2817,[801.0]
2818,[4850.0]
2819,[3570.0]
2820,[3338.0]
2821,[3471.0]
2822,[2487.0]
2823,[2586.0]
2824,[3161.0]
2825,[2713.0]
2826,[85.0]
2827,[2907.0]
2828,[4334.0]
2829,[3151.0]
2830,[2097.0]
2831,[4488.0]
2832,[2339.0]
2833,[697.0]
2834,[4335.0]
2835,[3382.0]
2836,[3828.0]
2837,[1446.0]
2838,[1822.0]
2839,[2293.0]
2840,[3500.0]
2841,[3696.0]
2842,[1820.0]
2843,[3984.0]
2844,[4654.0]
2845,[3019.0]
2846,[578.0]
2847,[1353.0]
2848,[3558.0]
2849,[1841.0]
2850,[2444.0]
2851,[1644.0]
2852,[1561.0]
2853,[2265.0]
2854,[3797.0]
2855,[2438.0]
2856,[3059.0]
2857,[4849.0]
2858,[3801.0]
2859,[4768.0]
2860,[2413.0]
2861,[1940.0]
2862,[888.0]
2863,[3362.0]
2864,[2135.0]
2865,[1285.0]
2866,[3617.0]
2867,[3371.0]
2868,[4034.0]
2869,[2902.0]
2870,[1535.0]
2871,[1756.0]
2872,[483.0]
2873,[817.0]
2874,[1595.0]
2875,[2167.0]
2876,[4455.0]
2877,[3425.0]
2878,[3619.0]
2879,[3754.0]
2880,[2966.0]
2881,[447.0]
2882,[1182.0]
2883,[4101.0]
2884,[3765.0]
2885,[2276.0]
2886,[1610.0]
2887,[4404.0]
2888,[1203.0]
2889,[3985.0]
2890,[2560.0]
2891,[3973.0]
2892,[2.0]
2893,[3363.0]
2894,[1180.0]
2895,[2987.0]
2896,[1224.0]
2897,[4396.0]
2898,[3679.0]
2899,[3158.0]
2900,[2241.0]
2901,[463.0]
2902,[3951.0]
2903,[3201.0]
2904,[3588.0]
2905,[4019.0]
2906,[2825.0]
2907,[2105.0]
2908,[1428.0]
2909,[363.0]
2910,[2666.0]
2911,[2038.0]
2912,[2022.0]
2913,[2483.0]
2914,[712.0]
2915,[3081.0]
2916,[3701.0]
2917,[3871.0]
2918,[4292.0]
2919,[3775.0]
2920,[2622.0]
2921,[2115.0]
2922,[100.0]
2923,[418.0]
2924,[4291.0]
2925,[3077.0]
2926,[3289.0]
2927,[3157.0]
2928,[4131.0]
2929,[3741.0]
2930,[2939.0]
2931,[3171.0]
2932,[2678.0]
2933,[1685.0]
2934,[1469.0]
2935,[3114.0]
2936,[596.0]
2937,[2861.0]
2938,[2784.0]
2939,[2535.0]
2940,[4162.0]
2941,[1916.0]
2942,[2768.0]
2943,[2005.0]
2944,[2938.0]
2945,[2229.0]
2946,[3237.0]
2947,[2455.0]
2948,[159.0]
2949,[3609.0]
2950,[784.0]
2951,[4826.0]
2952,[1880.0]
2953,[1995.0]
2954,[2692.0]
2955,[2500.0]
2956,[3258.0]
2957,[1770.0]
2958,[1855.0]
2959,[3235.0]
2960,[1160.0]
2961,[3269.0]
2962,[3860.0]
2963,[2800.0]
2964,[2166.0]
2965,[1238.0]
2966,[163.0]
2967,[3863.0]
2968,[3162.0]
2969,[1627.0]
2970,[3945.0]
2971,[2991.0]
2972,[3844.0]
2973,[1471.0]
2974,[1734.0]
2975,[1047.0]
2976,[607.0]
2977,[2074.0]
2978,[1930.0]
2979,[2141.0]
2980,[1521.0]
2981,[2914.0]
2982,[1400.0]
2983,[3928.0]
2984,[2729.0]
2985,[1550.0]
2986,[3881.0]
2987,[951.0]
2988,[1844.0]
2989,[4060.0]
2990,[3809.0]
2991,[4694.0]
2992,[3335.0]
2993,[3846.0]
2994,[3006.0]
2995,[4376.0]
2996,[2710.0]
2997,[4424.0]
2998,[426.0]
2999,[4880.0]
3000,[2168.0]
3001,[1757.0]
3002,[2931.0]
3003,[1142.0]
3004,[1088.0]
3005,[265.0]
3006,[3560.0]
3007,[2794.0]
3008,[1833.0]
3009,[332.0]
3010,[3478.0]
3011,[3291.0]
3012,[454.0]
3013,[149.0]
3014,[3727.0]
3015,[1355.0]
3016,[4771.0]
3017,[4331.0]
3018,[3367.0]
3019,[1534.0]
3020,[1006.0]
3021,[4743.0]
3022,[3839.0]
3023,[4340.0]
3024,[871.0]
3025,[1533.0]
3026,[507.0]
3027,[664.0]
3028,[2613.0]
3029,[3678.0]
3030,[1676.0]
3031,[2259.0]
3032,[3836.0]
3033,[1939.0]
3034,[1396.0]
3035,[4519.0]
3036,[4003.0]
3037,[1883.0]
3038,[4423.0]
3039,[2267.0]
3040,[3613.0]
3041,[2990.0]
3042,[3702.0]
3043,[580.0]
3044,[4627.0]
3045,[3462.0]
3046,[4419.0]
3047,[2537.0]
3048,[1804.0]
3049,[2623.0]
3050,[4002.0]
3051,[2212.0]
3052,[2691.0]
3053,[852.0]
3054,[1277.0]
3055,[3614.0]
3056,[1281.0]
3057,[4689.0]
3058,[627.0]
3059,[3651.0]
3060,[3023.0]
3061,[1474.0]
3062,[2741.0]
3063,[4016.0]
3064,[3451.0]
3065,[1450.0]
3066,[3379.0]
3067,[2680.0]
3068,[4095.0]
3069,[866.0]
3070,[2498.0]
3071,[3884.0]
3072,[2425.0]
3073,[1578.0]
3074,[4549.0]
3075,[3783.0]
3076,[1996.0]
3077,[4494.0]
3078,[889.0]
3079,[2871.0]
3080,[1587.0]
3081,[3003.0]
3082,[3640.0]
3083,[3469.0]
3084,[228.0]
3085,[972.0]
3086,[2188.0]
3087,[48.0]
3088,[1236.0]
3089,[3470.0]
3090,[4413.0]
3091,[2109.0]
3092,[660.0]
3093,[1274.0]
3094,[1193.0]
3095,[113.0]
3096,[2559.0]
3097,[4700.0]
3098,[1879.0]
3099,[1963.0]
3100,[4801.0]
3101,[3062.0]
3102,[1798.0]
3103,[3182.0]
3104,[4283.0]
3105,[3856.0]
3106,[2310.0]
3107,[229.0]
3108,[2477.0]
3109,[1335.0]
3110,[4782.0]
3111,[4048.0]
3112,[1560.0]
3113,[2809.0]
3114,[768.0]
3115,[4290.0]
3116,[2864.0]
3117,[395.0]
3118,[2709.0]
3119,[955.0]
3120,[379.0]
3121,[3196.0]
3122,[4295.0]
3123,[3667.0]
3124,[4031.0]
3125,[2701.0]
3126,[3659.0]
3127,[3705.0]
3128,[1845.0]
3129,[353.0]
3130,[4464.0]
3131,[1636.0]
3132,[2299.0]
3133,[3217.0]
3134,[1434.0]
