0,1,2,3,4,5,6,7,8,9,10,11,12,13,14,15,16,17,18,19,20,21,22,23,24,25,26,27,28,29,30,31,32,33,34,35,36,37,38,39,40,41,42,43,44,45,46,47,48,49,50,51,52,53,54,55,56,57,58,59,60,61,62,63,64,65,66,67,68,69,70,71,72,73,74,75,76,77,78,79,80,81,82,83,84,85,86,87,88,89,90,91,92,93,94,95,96,97,98,99,100,101,102,103,104,105,106,107,108,109,110,111,112,113,114,115,116,117,118,119,120,121,122,123,124,125,126,127,128,129,130,131,132,133,134,135,136,137,138,139,140,141,142,143,144,145,146,147,148,149,150,151,152,153,154,155,156,157,158,159,160,161,162,163,164,165,166,167,168,169,170,171,172,173,174,175,176,177,178,179,180,181,182,183,184,185,186,187,188,189,190,191,192,193,194,195
40,21,106,79,1,7,220,108,196,141,190,57,186,120,49,109,240,168,137,169,175,228,90,126,179,280,35,34,4,13,30,107,46,298,302,104,222,289,8,166,149,133,295,144,143,42,158,212,237,285,102,103,73,93,20,135,157,171,208,81,66,110,286,105,159,268,167,140,114,76,0,27,78,65,260,173,187,91,253,250,58,176,180,226,96,281,248,296,80,252,112,56,254,129,270,181,68,203,50,198,287,245,216,227,64,206,138,225,43,201,162,172,273,276,258,100,6,24,26,63,163,45,194,256,55,247,132,293,231,262,277,51,127,59,210,275,31,54,15,282,230,236,188,82,271,192,265,28,151,288,178,119,303,217,279,5,29,269,47,37,233,235,223,115,92,153,242,213,131,195,152,44,211,232,94,9,290,291,215,165,124,284,202,87,274,139,257,301,75,36,18,300,117,17,177,204
38,170,21,168,280,3,181,289,79,149,109,72,196,10,23,30,8,186,57,71,295,144,67,104,143,120,146,199,237,90,141,302,89,78,158,4,107,212,49,137,99,175,220,180,259,105,197,74,159,65,253,250,268,114,251,95,135,285,93,155,136,103,102,240,166,129,108,106,177,73,138,213,254,26,223,293,215,276,193,145,34,261,252,207,151,35,279,85,59,248,182,288,194,266,110,235,83,44,154,267,203,150,246,291,304,88,56,183,210,245,241,255,233,86,121,156,292,97,53,257,27,140,9,192,15,76,204,161,284,265,81,264,191,119,290,87,19,16,277,31,198,139,217,127,296,230,132,82,294,29,263,40,162,41,165,224,174,0,244,69,172,37,55,200,94,77,303,134,283,28,274,17,130,243,22,5,98,51,2,147,60,152,100,219,164,111,25,131,178,52,201,48,232,75,270,273
8,7,27,32,170,46,143,11,146,133,302,120,49,240,272,220,196,99,169,137,126,108,109,234,21,135,212,93,289,189,228,168,10,23,107,149,58,187,268,286,74,250,214,105,114,260,95,141,67,71,166,123,104,259,89,190,57,221,186,42,155,102,285,148,239,84,158,73,78,253,65,159,180,251,167,150,215,203,41,26,156,53,217,131,87,19,242,88,54,174,267,77,76,129,290,230,194,15,56,6,161,270,62,39,37,80,276,283,204,258,134,195,282,294,34,51,200,245,70,48,35,263,125,252,82,25,100,44,16,188,110,279,64,238,9,22,273,183,98,249,247,124,66,205,24,256,85,28,86,52,111,5,142,262,296,121,248,284,96,152,243,60,165,12,277,151,227,29,207,269,119,293,59,17,275,291,115,211,210,147,68,40,292,206,236,92,117,75,271,244,50,178,97,140,14,257
46,95,149,183,186,102,93,208,184,251,159,167,259,23,196,67,220,49,240,72,137,90,109,228,126,99,168,234,106,166,160,180,148,237,197,176,105,214,260,103,84,107,61,114,221,268,42,155,212,218,187,222,181,121,44,241,256,225,283,47,127,63,235,193,299,247,300,210,128,211,219,39,60,69,9,296,273,111,287,125,164,120,161,81,291,14,303,223,31,278,257,143,89,302,57,88,205,231,209,52,36,163,5,27,279,224,217,150,38,56,206,236,249,203,213,110,292,192,252,29,101,62,304,26,152,178,6,145,245,112,172,297,274,242,298,104,25,80,68,86,33,34,41,288,122,28,147,263,269,98,207,70,48,277,194,238,248,232,293,83,254,282,200,71,115,54,0,22,82,243,1,35,40,290,94,244,130,96,301,132,24,43,191,255,262,138,3,66,16,131,182,265,156,202,261,129
270,99,163,170,10,168,196,72,30,21,73,49,90,234,280,137,228,79,67,7,13,23,148,208,149,179,141,57,71,169,146,302,218,120,166,42,102,222,93,20,144,186,89,143,38,158,212,84,107,61,136,171,157,106,181,176,91,159,300,214,0,253,74,251,184,78,197,180,199,160,167,110,187,226,58,114,105,250,65,19,33,28,256,34,178,145,279,37,281,129,83,231,245,248,283,296,194,294,82,278,162,130,140,48,17,193,56,233,70,257,224,232,299,183,29,230,81,203,66,43,118,3,68,150,39,15,122,152,60,101,86,275,59,63,290,297,266,6,119,241,207,244,62,100,154,138,131,223,271,64,301,293,24,304,284,211,14,204,85,97,88,191,219,76,249,263,273,288,246,267,185,52,36,125,96,264,303,45,198,47,112,25,92,161,206,172,121,217,202,238,151,111,225,156,227,195
0,11,38,289,36,146,67,8,32,221,49,175,259,169,99,168,90,108,46,71,234,109,280,137,220,272,4,13,30,29,10,253,160,199,268,260,23,35,34,107,170,166,158,106,171,73,180,190,295,302,91,144,298,57,133,155,157,285,103,135,56,159,95,151,167,78,173,142,62,118,244,181,163,138,184,250,187,123,226,214,246,269,257,203,2,92,125,283,204,145,154,195,247,284,153,64,210,43,96,174,31,37,223,182,44,24,164,39,97,245,178,12,110,69,224,41,290,277,152,249,68,70,27,18,200,281,17,219,22,230,85,117,75,258,217,207,124,303,112,265,3,225,227,94,287,270,122,193,53,88,236,301,229,192,98,293,25,86,6,101,267,183,185,9,28,215,172,63,115,113,271,111,121,127,76,156,205,266,262,54,300,140,291,233,296,129,131,279,51,132,55,238,162,256,50,252
23,32,170,8,11,168,221,196,4,141,143,190,71,57,302,67,72,10,30,7,158,46,166,149,144,295,107,175,272,126,49,280,137,220,109,79,169,90,240,184,176,114,159,74,222,93,189,84,237,73,157,285,212,102,136,103,226,239,260,106,78,58,180,187,160,251,91,197,20,56,61,162,276,292,230,254,60,17,265,210,297,198,202,279,119,75,70,301,45,205,6,9,258,290,85,112,44,227,128,223,204,248,116,245,172,235,271,88,304,270,130,249,256,87,98,127,80,122,273,261,247,269,152,200,243,97,43,1,147,12,132,2,264,225,27,278,216,195,117,231,193,181,64,185,142,101,293,232,164,36,194,22,150,100,94,47,25,262,131,134,34,241,291,177,303,92,3,206,284,55,191,63,66,257,68,28,183,52,161,165,77,229,118,300,233,287,59,299,5,39,281,113,252,50,201,151
8,11,170,141,175,250,259,187,260,167,143,129,157,84,107,42,4,149,280,79,196,88,142,56,138,163,69,208,102,93,298,291,302,71,218,120,190,295,89,221,67,108,186,272,90,222,289,220,126,72,179,99,137,135,237,171,123,268,180,32,214,230,209,258,266,110,105,226,251,184,239,114,176,199,286,91,197,74,65,148,285,212,20,139,77,215,28,154,249,267,112,172,44,9,274,15,151,238,182,236,225,195,131,245,257,191,128,165,113,54,252,22,232,216,264,200,275,35,125,111,47,198,48,246,284,76,303,92,241,300,162,213,248,24,83,16,121,277,29,80,288,235,40,204,81,294,217,59,70,50,86,43,247,31,233,242,19,100,41,304,203,75,152,178,276,82,51,122,256,271,53,292,0,132,205,211,293,223,283,63,156,52,45,1,290,34,98,12,188,140,68,66,261,33,174,207
46,38,149,11,10,221,298,67,141,57,295,21,23,30,8,240,137,49,280,196,175,228,126,272,179,72,302,234,220,90,32,133,71,61,170,42,106,285,136,148,93,103,225,226,78,187,180,286,105,268,91,199,114,250,239,173,253,160,176,278,231,35,14,6,40,36,19,17,53,66,242,207,115,75,252,276,131,48,282,216,96,183,246,283,83,269,248,64,217,81,266,3,37,249,229,201,233,244,284,213,275,192,50,147,255,204,241,150,206,51,230,301,215,194,124,119,261,97,29,68,140,59,77,145,155,208,31,154,198,273,238,303,265,182,0,33,219,209,264,205,281,162,100,181,227,101,297,200,5,92,47,87,211,15,20,300,191,224,82,139,43,165,55,24,117,185,138,111,116,152,151,274,125,153,292,54,130,257,56,134,202,256,161,263,121,245,94,69,85,178,271,304,243,25,16,164
32,23,8,7,90,89,38,146,133,106,61,102,149,49,169,99,175,240,109,3,21,222,170,135,79,280,72,126,272,179,108,295,289,141,57,190,67,104,302,107,10,30,298,221,143,186,42,171,73,20,166,237,197,158,177,251,253,199,123,74,260,184,95,226,259,167,87,78,105,91,176,159,58,160,65,180,173,297,51,216,238,40,36,293,182,16,279,224,245,219,185,60,150,248,303,70,206,262,233,22,172,130,68,266,183,15,252,0,80,178,223,265,213,66,43,12,211,304,203,5,273,202,100,256,27,151,200,88,34,111,82,210,28,278,188,83,138,39,31,235,270,281,53,152,195,63,113,153,6,45,14,116,121,94,243,64,301,271,124,47,115,236,154,217,232,122,244,119,191,299,92,59,140,48,118,37,257,255,231,41,25,33,229,86,290,134,44,288,287,215,97,246,227,294,52,96
46,38,72,57,89,298,32,8,272,218,143,239,199,214,226,114,187,259,173,189,65,197,268,184,253,159,180,123,13,260,30,74,7,10,4,104,67,133,106,149,228,109,108,49,234,240,280,137,99,196,79,169,289,73,42,166,155,102,171,135,285,212,136,148,20,61,158,177,237,264,58,176,9,300,294,271,60,134,70,3,101,225,293,299,56,63,174,273,198,182,270,230,125,128,29,16,140,97,147,195,243,129,1,216,165,233,36,217,64,47,24,100,263,200,94,255,265,211,292,139,14,209,19,201,85,215,236,156,205,204,192,81,276,244,291,117,87,248,77,22,138,207,124,191,238,183,261,301,62,25,161,219,27,82,245,287,52,297,210,223,92,283,262,50,53,75,256,269,127,246,163,18,2,164,17,48,51,304,188,119,277,282,249,279,193,54,80,278,112,227,194,45,254,145,40,35
106,23,0,11,39,49,32,8,289,171,46,135,251,167,159,13,7,137,58,250,180,123,37,285,177,138,157,244,181,88,162,163,212,93,149,91,280,234,175,286,260,105,78,226,189,259,95,158,170,166,237,73,20,42,84,107,142,56,183,220,79,169,109,126,272,108,179,228,240,90,196,215,206,241,66,190,295,213,113,6,19,269,205,284,257,85,28,288,235,165,283,59,139,96,282,156,224,274,281,236,296,255,152,143,144,298,141,57,89,302,38,202,273,263,110,115,270,140,261,86,124,262,230,36,254,231,75,9,22,229,44,191,41,17,76,119,147,217,35,5,15,51,98,128,125,265,279,33,195,153,26,34,111,60,43,48,50,303,242,129,276,194,172,116,69,45,264,200,100,16,164,300,77,245,249,145,275,63,53,178,304,25,29,225,87,223,291,278,174,127,292,14,198,24,118,294
10,37,38,190,21,41,32,13,250,253,78,8,107,169,160,259,260,163,95,170,30,286,91,65,268,114,7,11,27,146,295,141,186,57,221,234,175,280,99,79,196,240,168,72,218,137,90,49,109,89,67,144,106,133,120,166,102,135,93,61,103,222,171,42,214,143,71,285,148,157,136,270,183,167,189,198,76,192,187,176,184,201,83,215,247,22,26,263,117,52,14,292,304,177,70,256,230,244,142,162,129,29,152,96,219,275,261,200,193,101,2,213,254,15,291,28,232,255,300,210,86,241,283,264,16,63,257,59,139,174,245,185,181,271,266,290,130,207,54,132,115,127,206,178,112,243,195,258,151,216,194,249,204,92,154,80,303,0,110,60,36,5,265,279,122,121,238,55,262,231,188,229,17,131,88,82,145,128,242,191,34,39,301,77,53,202,47,288,125,9,51,235,3,119,164,94
40,133,302,149,11,21,4,106,231,232,197,214,105,259,253,239,74,7,49,126,280,109,240,189,220,187,160,226,180,199,268,173,250,167,13,10,166,155,102,148,107,285,208,103,84,222,42,171,234,79,72,228,272,175,168,179,23,30,80,242,86,181,224,154,270,31,248,217,143,89,120,144,67,298,221,141,57,295,37,0,116,38,124,131,266,118,163,249,145,138,22,132,152,76,215,33,35,34,113,24,130,60,5,100,59,291,276,261,19,142,39,294,273,139,140,191,219,297,209,172,200,206,263,182,134,205,198,301,29,47,44,194,257,185,223,161,122,204,63,195,290,299,279,92,188,136,296,127,274,252,96,146,14,244,128,125,165,267,300,246,129,281,52,70,48,216,178,192,238,1,183,247,236,162,225,82,271,235,202,62,104,87,6,25,115,2,241,275,75,45,211,54,3,156,88,262
8,28,289,10,213,234,126,4,13,23,107,170,176,166,46,65,251,95,105,184,259,58,253,187,226,158,197,160,189,173,180,199,260,74,114,91,106,135,103,84,237,20,222,73,93,272,228,169,108,32,109,220,179,79,90,196,72,137,175,285,102,157,155,212,218,245,113,112,63,252,29,246,59,17,141,192,188,190,181,274,97,64,266,55,100,241,119,194,258,36,153,80,292,152,69,124,133,299,2,242,269,203,40,178,129,206,134,131,185,60,116,130,68,304,295,233,276,87,39,38,204,89,70,294,210,98,76,150,229,147,139,255,142,293,297,110,140,207,94,265,47,143,238,288,117,275,231,54,27,53,244,248,145,88,249,278,183,164,15,303,230,163,5,282,50,44,165,224,235,291,144,57,0,182,257,56,223,300,283,25,96,191,22,172,132,151,33,215,24,302,83,115,19,118,9,201
27,32,36,17,4,11,170,180,30,7,196,228,240,49,99,73,176,184,214,74,95,149,106,168,137,280,126,79,72,57,286,78,268,250,189,187,167,91,65,251,160,253,260,105,197,259,123,107,159,166,146,20,285,148,173,212,222,84,237,42,136,171,155,103,218,257,63,51,116,205,24,81,96,151,34,216,255,223,37,252,35,279,235,293,298,144,104,143,302,295,15,287,39,60,238,111,300,249,22,47,192,70,245,53,164,262,119,94,248,55,274,172,203,80,246,264,227,297,291,59,75,206,261,83,45,25,209,132,201,122,182,41,40,263,183,31,16,2,265,303,204,153,76,152,163,283,86,247,26,124,118,215,275,284,276,267,292,233,85,241,145,38,14,3,128,236,117,202,82,191,154,211,174,243,278,33,131,87,0,77,150,194,129,12,5,142,50,195,242,244,273,68,232,62,229,224
289,32,46,170,284,40,62,37,182,45,11,244,39,252,163,130,234,175,79,220,272,280,196,67,253,228,143,71,89,298,186,120,144,190,104,221,133,226,49,201,6,31,19,17,155,29,18,33,35,43,192,10,287,1,139,237,8,21,166,4,42,158,106,148,159,95,160,259,199,189,123,91,13,239,84,222,61,93,20,107,136,285,157,304,177,118,129,250,187,114,74,286,173,88,138,142,264,185,248,125,217,246,207,265,0,63,69,27,231,15,83,191,172,9,116,224,281,303,225,277,150,279,117,235,82,203,140,276,236,77,301,261,113,80,124,229,111,219,296,210,232,194,291,96,213,266,292,34,273,243,255,258,76,205,70,215,26,223,209,94,299,75,249,66,12,263,216,294,122,206,25,288,151,134,81,51,282,64,48,283,101,44,121,164,245,269,293,68,5,100,119,128,193,227,147,300
4,190,32,170,46,144,67,146,57,221,137,49,272,109,179,108,280,120,79,289,133,168,21,218,228,23,71,72,106,10,13,135,166,158,20,222,148,95,42,253,268,93,180,189,285,157,155,208,264,56,197,273,87,258,213,76,260,230,217,193,184,199,286,214,173,74,65,159,226,160,187,259,123,58,262,39,204,94,181,247,152,191,215,154,70,101,207,116,54,223,231,279,257,127,267,293,162,2,88,66,163,100,122,130,156,177,294,48,34,125,203,243,277,233,172,110,69,303,53,276,60,274,297,255,246,201,244,188,227,205,300,296,124,80,261,16,35,132,236,40,210,44,19,278,12,299,28,77,139,198,161,85,62,52,256,150,22,37,211,245,111,96,138,202,25,281,151,68,50,206,145,153,17,118,81,265,129,283,33,131,47,282,140,292,43,192,5,41,121,92,225,15,164,242,224,83
38,57,72,137,77,107,73,149,21,106,95,114,7,11,123,169,234,90,196,89,186,218,108,146,220,228,240,175,79,10,30,13,259,104,61,42,171,20,135,93,158,136,103,155,208,157,222,65,167,187,286,160,197,56,173,226,253,199,239,58,214,105,91,159,189,180,250,67,279,241,14,127,217,124,227,145,100,83,131,304,142,244,181,138,177,263,33,18,34,35,200,256,209,92,294,28,201,223,172,45,282,152,299,243,194,9,224,192,1,202,206,156,235,295,281,63,290,94,82,178,205,119,230,229,0,51,288,246,19,50,75,122,242,301,287,12,132,22,110,163,128,245,162,66,182,257,27,213,115,153,98,144,113,293,88,191,117,151,97,37,264,80,118,216,116,17,60,252,266,296,44,185,210,261,215,183,265,300,275,69,236,71,31,24,161,125,232,270,258,139,16,81,62,262,267,53
84,289,244,162,161,170,103,157,208,93,11,196,137,280,109,240,66,117,74,87,73,8,222,61,250,46,237,173,107,95,214,123,251,160,199,189,187,78,259,176,114,159,91,7,260,228,108,234,175,169,220,79,10,23,65,148,166,102,135,20,155,158,42,177,218,118,89,67,302,181,245,238,224,150,174,242,12,132,139,257,263,14,112,262,274,36,5,144,298,120,186,94,235,76,294,205,256,41,204,291,119,231,292,223,77,154,28,29,143,146,200,59,156,98,75,213,45,275,97,230,248,264,151,33,34,182,19,219,122,284,113,18,138,54,1,6,70,82,265,164,303,266,192,293,127,141,133,278,96,283,24,270,3,142,207,129,252,201,241,116,261,40,80,198,232,47,86,128,282,111,64,203,55,296,22,121,35,56,301,195,247,16,110,258,63,125,209,185,115,202,25,281,0,243,130,279
175,99,10,196,169,30,72,149,135,106,82,46,7,8,90,108,141,144,190,38,133,120,67,295,272,143,57,186,240,109,179,168,79,146,49,126,234,42,170,166,237,61,212,20,107,155,285,103,157,136,208,171,264,187,173,268,184,250,105,189,226,239,160,65,197,180,159,74,199,41,24,22,266,87,140,244,56,145,203,25,118,5,66,198,225,156,255,193,75,276,129,277,273,174,297,235,178,125,6,101,254,248,288,62,210,153,246,113,200,258,39,45,242,209,164,300,275,270,213,98,33,131,238,14,224,48,252,50,192,54,201,204,55,150,188,31,265,85,216,76,68,52,154,301,249,121,303,81,152,227,64,236,69,44,294,274,132,124,17,43,247,262,231,162,281,165,36,245,205,94,1,134,290,97,53,263,19,296,37,269,151,83,195,100,28,77,26,206,215,233,181,63,47,278,86,116
38,149,289,170,46,4,21,107,148,166,104,214,159,58,197,160,180,239,253,173,259,114,74,72,13,95,168,144,32,218,302,7,228,141,67,120,240,196,108,89,295,71,90,133,99,175,109,179,171,61,285,157,103,212,208,222,93,106,102,84,135,91,221,123,186,189,146,205,191,26,178,39,147,248,296,294,279,0,249,284,128,18,70,92,297,223,125,81,225,139,64,127,230,152,299,60,12,121,246,140,204,19,254,165,262,287,53,116,256,276,62,161,69,164,96,283,188,34,63,252,76,156,101,247,2,194,261,28,112,211,83,51,36,55,224,244,213,219,142,264,86,282,16,150,243,119,258,245,303,153,15,68,113,209,193,255,300,40,94,227,293,118,281,110,25,270,182,130,85,163,136,192,200,48,257,22,277,174,267,154,29,290,98,292,41,77,59,232,177,274,242,37,45,52,185,210
24,36,289,38,95,187,250,31,136,40,25,5,46,4,106,8,73,171,285,208,103,155,148,93,27,286,180,58,260,197,199,268,184,166,84,61,42,158,20,222,23,13,7,135,67,120,228,79,169,49,137,272,126,99,234,109,161,107,196,72,168,179,218,144,71,89,133,143,295,221,183,146,227,261,205,200,263,233,150,198,140,252,258,265,269,216,39,291,207,277,262,35,96,33,94,292,152,304,129,254,52,34,191,213,231,127,257,11,290,209,282,301,211,116,178,50,15,142,264,293,206,303,1,249,98,115,112,12,0,121,54,82,43,28,203,202,29,195,181,267,275,192,273,62,298,130,124,85,64,217,147,17,83,87,248,59,223,164,255,294,242,100,153,9,215,177,243,111,281,77,229,271,288,204,230,76,165,26,44,53,296,110,279,51,119,69,241,92,131,235,48,16,134,97,19,122
38,109,170,46,273,28,108,196,159,13,105,259,250,197,65,167,176,78,179,189,199,187,141,49,72,272,8,253,21,110,81,266,230,87,66,134,291,126,79,168,268,91,173,251,214,123,58,144,193,221,302,190,3,57,67,143,298,133,218,104,295,84,42,107,222,157,93,155,285,136,166,30,175,90,220,137,280,228,240,270,129,161,56,125,215,145,299,254,75,121,25,6,248,232,86,178,112,195,131,241,63,304,142,88,130,162,244,177,181,117,101,243,16,219,48,140,301,64,267,22,94,164,15,77,265,43,41,288,1,174,294,271,80,269,277,263,85,68,225,92,182,231,97,70,37,5,200,279,282,246,206,69,165,127,247,203,59,256,53,276,274,205,245,290,44,236,147,128,50,278,122,33,283,151,192,34,300,185,201,153,257,9,209,10,284,45,24,281,188,303,293,52,296,238,39,12
37,4,38,289,41,74,11,176,187,39,149,284,40,243,232,240,220,109,264,56,3,259,251,199,105,222,173,107,268,95,253,180,93,239,114,167,189,197,175,13,295,133,135,102,73,158,285,136,212,103,155,157,62,88,161,138,142,129,130,118,84,237,72,280,79,234,228,99,272,126,168,179,141,71,190,104,67,90,298,57,218,32,302,120,304,7,177,221,165,151,24,48,97,87,291,94,241,209,140,111,200,215,194,66,192,276,26,235,28,249,246,145,205,279,204,110,238,147,63,150,225,178,34,44,227,252,152,258,69,172,86,47,273,15,43,201,119,45,25,290,300,98,216,257,75,1,191,263,18,223,112,27,248,131,269,288,12,262,77,36,156,229,281,193,127,16,70,174,128,76,287,164,83,282,53,64,81,68,92,80,19,198,0,278,59,292,297,185,122,233,303,82,153,247,255,245
38,166,149,90,11,10,159,240,99,234,13,184,160,58,260,123,7,300,79,126,108,196,0,237,170,4,222,57,221,190,143,186,298,146,218,302,135,73,285,93,136,102,157,103,42,180,32,158,189,115,65,199,20,253,91,250,251,173,187,114,197,239,105,95,84,107,203,154,26,247,53,270,211,194,94,172,59,279,19,242,75,122,2,202,229,9,185,245,119,33,34,35,63,113,97,271,243,246,236,249,303,174,51,100,132,290,264,44,118,14,127,257,83,5,273,134,225,39,130,188,138,201,15,152,206,210,98,85,227,205,45,131,110,183,266,277,88,192,156,153,47,252,117,111,43,6,263,224,112,31,304,182,283,142,60,296,69,231,145,232,16,151,294,255,128,29,195,216,178,215,50,235,41,76,48,191,219,52,28,241,293,37,139,287,164,288,82,70,274,198,297,301,278,116,254,140
10,28,167,179,23,221,213,188,49,137,79,108,169,67,177,99,109,240,196,90,228,93,103,171,149,170,46,120,8,253,250,259,212,173,214,239,189,104,148,268,57,176,180,260,158,155,146,74,32,20,222,89,298,302,190,38,192,106,197,110,73,181,123,119,84,61,286,159,199,58,78,138,236,202,36,299,9,97,68,59,147,242,132,301,121,216,291,232,223,191,283,33,41,35,273,150,162,1,231,75,145,229,5,288,45,243,139,101,2,14,94,100,258,76,245,235,292,304,88,130,69,113,12,185,82,17,50,62,264,261,152,83,195,44,52,66,219,249,86,156,48,255,77,27,3,183,47,271,31,39,225,290,140,96,247,63,281,257,282,210,263,266,125,217,275,182,293,165,19,128,246,204,134,70,278,296,111,43,0,115,203,198,274,172,26,51,56,60,252,207,151,80,53,244,85,117
13,11,8,28,289,91,7,170,188,143,144,38,302,57,89,104,190,146,295,23,67,149,272,141,186,218,220,137,234,79,99,90,109,108,49,126,179,228,196,175,0,21,30,4,135,173,65,184,197,160,286,226,260,259,159,189,58,268,214,120,61,199,123,176,106,84,88,293,296,45,127,145,102,70,155,147,51,215,33,22,34,41,248,231,164,87,192,76,162,224,96,235,48,17,210,125,81,156,115,119,265,117,44,54,157,212,66,26,27,50,281,82,303,269,52,205,217,86,238,148,16,276,101,134,124,140,294,284,116,300,80,213,258,242,93,47,163,12,211,37,299,301,274,97,203,291,94,100,244,63,252,283,273,266,219,85,233,154,136,178,53,195,285,161,279,236,225,153,216,2,1,243,150,182,131,6,246,75,204,292,275,152,198,209,18,29,56,232,304,142,297,241,31,3,110,263
4,23,27,32,37,11,130,88,244,8,39,118,56,183,155,143,298,38,186,120,104,264,212,208,289,149,272,67,90,133,280,13,30,7,10,146,179,135,21,190,218,221,220,175,72,79,49,99,222,148,158,136,103,171,141,144,71,57,89,73,93,20,107,84,74,180,58,286,184,260,187,253,173,159,189,123,91,199,78,105,95,114,176,226,147,230,303,19,50,290,198,63,116,193,194,277,205,35,131,22,279,9,96,29,223,98,195,112,172,284,263,232,219,64,54,33,41,211,262,269,5,77,122,25,292,235,275,82,216,281,111,274,246,110,17,177,238,75,255,233,117,165,152,60,242,297,34,138,291,278,231,227,161,24,16,94,304,206,69,0,15,301,47,249,191,243,257,85,101,258,296,164,3,299,151,81,128,210,213,300,97,52,293,115,248,48,83,129,92,273,31,224,261,270,282,76
23,32,11,136,170,144,208,148,10,8,89,221,146,190,295,133,120,186,49,79,228,169,21,237,46,90,106,149,107,42,103,84,135,166,240,272,137,175,109,234,197,189,171,176,180,226,160,65,239,74,58,199,114,184,95,167,250,123,253,259,260,73,102,52,291,81,164,213,173,286,20,222,93,61,216,39,83,265,18,132,19,297,122,24,112,150,274,249,127,2,303,224,163,229,192,264,195,210,262,1,41,296,248,63,153,207,241,256,261,225,209,191,154,22,178,43,172,147,288,124,54,3,28,69,128,121,211,300,51,75,145,162,198,294,6,36,17,223,64,232,161,279,266,230,243,215,100,231,188,182,44,283,55,290,9,59,110,35,278,233,165,194,50,76,206,40,203,113,205,263,269,271,34,125,277,37,252,275,117,134,247,138,14,193,88,282,31,202,267,204,5,98,258,116,129,56
289,14,170,8,38,21,36,237,41,176,135,189,105,95,65,286,42,114,78,199,158,187,73,157,148,103,285,93,155,212,260,226,167,160,91,268,173,214,239,123,58,180,159,7,30,23,10,13,136,102,20,108,107,72,272,298,67,221,240,169,234,220,99,137,109,280,49,228,90,142,177,55,179,62,161,130,146,190,143,302,57,295,129,117,225,195,124,182,86,257,22,193,203,249,37,68,45,31,66,96,174,224,205,113,19,139,288,156,210,152,252,230,256,172,97,34,265,243,209,238,284,40,51,248,275,92,2,219,269,25,85,192,242,297,246,207,215,255,59,64,163,258,47,231,141,144,104,120,236,112,118,154,216,245,101,194,271,75,299,28,263,198,274,278,206,178,233,50,273,282,140,164,211,94,244,247,293,119,111,185,69,188,147,276,98,186,200,29,138,12,27,294,9,89,26,241
8,29,13,102,119,289,22,173,46,38,36,250,286,166,74,105,197,214,226,78,239,123,259,189,23,32,30,35,41,107,268,167,136,171,93,106,20,103,135,222,208,61,157,285,90,272,108,175,79,99,109,72,168,179,234,196,228,120,146,144,143,302,221,186,11,84,73,163,270,104,133,295,101,131,83,274,68,25,296,257,37,139,263,85,147,267,224,205,276,256,203,0,195,67,97,156,277,248,5,52,134,43,31,44,271,88,56,288,82,209,225,266,245,28,96,14,213,94,69,124,153,40,64,100,132,192,128,86,191,198,233,151,204,161,92,223,138,181,2,63,232,3,242,264,66,18,219,53,59,1,206,201,142,301,227,211,60,200,16,39,47,112,122,193,217,215,182,185,145,243,140,87,115,154,165,70,9,45,177,297,241,235,290,258,254,110,129,236,113,284,116,210,164,62,80,12
3,11,32,208,289,149,4,21,286,159,251,197,167,187,95,253,184,250,214,199,160,189,105,239,226,268,259,180,49,30,10,13,7,61,46,8,135,166,102,222,93,106,157,136,212,148,171,42,158,285,73,183,109,270,72,179,90,220,99,280,168,137,108,57,295,129,221,131,47,215,191,190,67,291,165,31,64,56,277,101,192,154,132,213,34,244,247,62,138,125,172,227,290,121,257,33,140,261,26,110,86,14,97,177,241,68,201,236,111,28,267,50,19,43,25,38,60,281,117,100,258,297,24,299,15,164,55,224,229,116,18,76,252,238,118,246,27,242,248,265,2,233,44,276,59,127,269,304,194,271,254,63,188,45,39,6,94,235,294,279,147,22,198,266,146,119,178,301,53,87,204,256,161,162,210,122,284,124,1,262,16,203,232,151,130,255,218,274,230,243,193,145,9,80,77,88
4,135,10,32,71,20,289,13,133,8,107,136,149,30,21,42,102,171,46,170,23,196,221,126,109,240,168,90,234,169,49,99,280,108,220,228,137,146,84,222,61,237,157,148,212,104,106,208,11,58,199,180,176,214,268,226,114,160,302,187,159,78,184,167,250,105,253,74,91,259,173,75,174,18,161,236,281,269,85,191,138,255,227,0,66,254,257,54,198,128,192,29,300,207,150,1,201,156,14,247,219,39,142,202,301,96,27,163,193,177,213,243,200,271,6,178,36,60,132,291,231,83,40,56,47,76,267,278,12,246,217,2,64,34,86,282,115,101,252,130,204,206,183,181,230,28,62,24,152,121,249,117,287,35,70,162,97,94,116,31,119,225,33,5,45,229,127,37,245,111,244,261,205,211,134,59,209,304,100,299,164,125,53,17,188,41,284,92,216,256,147,263,224,270,44,276
38,46,289,57,170,240,49,149,4,23,13,10,214,108,99,272,126,175,285,148,102,251,259,239,168,280,72,169,146,220,196,137,295,144,120,141,302,298,67,186,61,155,93,208,237,158,105,58,197,160,91,218,65,166,176,78,286,180,95,173,268,123,260,159,71,84,106,304,244,163,118,177,182,40,292,213,75,131,249,113,127,219,265,2,0,3,164,28,100,273,101,33,41,227,36,134,128,112,86,121,115,85,202,269,236,263,27,299,48,205,293,25,47,138,43,287,262,247,281,44,110,201,194,211,66,29,6,19,96,150,51,279,152,242,198,151,258,290,54,140,225,215,252,14,256,185,174,69,261,111,31,209,271,288,80,297,18,270,9,193,50,254,94,161,267,207,231,232,229,275,87,203,224,88,145,56,16,192,274,282,255,142,76,195,291,278,153,24,303,246,162,82,165,178,98,283
170,46,78,289,13,149,32,4,21,173,260,184,268,189,105,251,226,84,222,61,286,135,208,160,259,180,239,58,176,250,74,65,167,123,79,298,120,89,67,143,190,38,218,295,141,302,237,103,73,212,137,99,49,175,30,7,140,5,163,182,101,88,245,54,275,147,121,204,145,128,262,270,191,219,41,37,118,97,64,171,296,291,113,66,188,16,273,100,242,86,148,129,207,223,294,50,293,205,271,288,134,236,195,53,139,15,283,162,224,274,240,2,115,111,233,203,220,248,238,51,287,132,225,303,247,211,14,304,217,200,297,290,155,263,196,185,265,68,230,301,45,266,59,243,153,27,264,119,9,261,85,17,276,82,56,122,281,157,22,69,279,12,255,178,48,126,109,44,28,136,34,228,33,249,131,241,174,165,24,198,77,201,156,151,112,40,282,75,210,193,98,252,96,213,234,124
289,21,4,251,32,95,58,253,158,46,268,123,167,7,196,298,38,104,190,89,52,273,69,258,300,156,60,122,213,141,230,266,110,71,133,295,120,79,143,168,30,11,234,169,220,272,49,72,137,179,126,61,149,84,73,107,166,135,102,20,105,259,260,151,197,134,184,180,214,188,27,114,193,176,250,136,208,103,157,155,148,17,14,153,22,195,29,279,100,113,31,47,223,282,284,44,265,96,117,278,50,215,210,56,172,39,70,243,36,19,5,138,181,281,247,238,235,232,35,271,75,182,53,24,40,43,62,37,185,293,299,270,297,64,276,26,304,275,177,41,217,244,54,233,118,246,77,288,211,257,139,161,132,204,142,116,165,194,111,245,55,9,12,292,128,115,269,1,252,82,34,261,48,85,248,267,66,274,283,131,6,202,80,255,101,291,236,209,28,294,254,178,174,45,98,125
137,72,4,10,149,46,23,32,99,90,179,141,295,144,133,120,280,298,71,57,220,228,196,221,168,190,218,89,143,38,7,11,21,61,289,84,222,158,148,13,8,303,134,273,60,69,234,109,79,73,103,135,102,107,291,91,171,66,167,214,52,198,164,115,188,259,209,187,173,286,105,176,160,78,239,123,74,159,253,260,250,65,199,114,208,0,285,212,93,157,136,249,207,265,101,70,257,203,232,82,172,37,145,98,174,147,33,34,80,235,17,44,261,195,6,274,183,54,299,283,68,116,125,153,215,92,269,48,75,181,185,154,297,201,182,271,278,19,165,282,122,244,50,217,43,138,36,129,77,236,62,1,242,276,241,231,205,150,47,266,2,39,118,45,290,128,238,178,200,56,210,100,53,216,15,301,88,270,245,243,18,85,277,59,24,288,275,127,119,31,94,111,40,25,132,97
4,46,0,11,289,89,209,218,141,221,104,298,133,302,168,67,234,179,108,57,137,169,49,175,109,72,272,196,228,190,71,186,21,10,13,226,123,260,30,184,105,250,65,78,286,107,170,73,166,285,93,212,84,222,237,155,148,136,157,199,158,251,20,181,56,91,197,173,239,74,167,159,114,268,180,144,146,202,205,22,33,35,125,75,100,131,271,98,83,275,69,1,97,101,297,52,25,267,45,247,183,119,227,293,273,24,300,68,200,118,165,238,281,254,203,70,233,290,255,127,96,51,15,258,12,18,60,139,217,154,161,94,115,225,241,279,244,55,294,132,192,76,47,142,252,88,172,9,163,43,87,201,59,2,224,50,270,232,37,130,26,264,249,44,31,265,195,145,5,53,164,82,116,14,81,140,229,235,292,86,296,257,284,211,210,3,147,29,6,245,36,80,242,263,40,113
46,149,240,289,13,7,27,11,65,214,187,197,95,168,49,99,286,160,180,10,137,4,8,135,170,106,155,212,285,136,102,103,93,105,91,184,189,253,259,226,78,167,123,239,272,228,175,280,79,234,169,220,57,221,32,58,166,157,237,84,107,295,219,256,2,17,192,247,217,63,44,128,290,298,67,248,16,284,53,278,51,33,38,41,34,37,82,165,140,85,279,52,263,254,139,104,271,274,174,296,181,269,129,178,119,154,24,20,292,12,162,195,223,267,213,120,206,127,75,275,35,96,215,258,69,141,55,76,112,5,144,282,172,100,3,29,45,98,111,47,304,185,59,122,36,71,31,92,205,231,294,288,265,164,302,143,54,60,101,283,243,62,43,266,70,117,209,86,6,297,22,81,15,133,50,40,125,242,204,201,224,235,257,252,300,0,273,28,241,191,124,287,83,270,48,147
23,89,32,295,57,280,21,133,244,55,138,90,171,212,93,289,149,71,79,143,120,190,298,186,221,218,240,108,109,168,272,10,13,144,67,73,170,4,158,126,220,49,234,228,106,208,222,103,107,285,102,148,166,84,239,91,189,176,260,78,167,184,214,197,151,268,140,123,300,105,173,187,251,250,180,114,253,53,233,50,96,63,19,147,1,283,210,97,9,299,276,59,153,202,223,82,194,235,25,225,297,118,62,85,113,22,219,183,269,224,112,201,83,231,80,178,70,261,182,207,257,40,115,264,129,227,31,246,188,275,75,279,206,267,198,37,132,6,5,68,101,34,161,64,164,122,304,51,255,273,258,16,252,117,217,45,116,17,245,192,142,139,152,232,119,100,303,60,193,241,230,24,121,203,163,287,266,130,47,27,92,271,128,195,3,48,243,124,56,291,18,209,134,76,229,200
109,220,72,168,272,7,32,93,285,171,212,289,46,196,133,179,141,57,295,228,104,99,79,175,126,49,108,137,4,23,27,10,13,30,84,61,42,135,102,107,136,103,20,106,286,173,159,239,160,186,253,250,226,184,74,105,114,65,180,189,268,260,78,199,215,124,150,152,229,115,211,96,98,52,245,9,274,163,43,110,69,48,97,294,244,34,68,76,230,263,37,53,47,249,119,36,247,62,264,28,300,94,281,132,18,293,198,75,147,151,81,248,60,142,177,44,217,213,146,243,165,86,40,116,299,210,301,128,66,205,282,92,277,181,38,1,257,221,188,143,70,269,262,39,51,87,204,235,236,15,233,290,224,138,254,14,278,67,41,113,134,258,255,252,194,304,63,127,191,178,246,276,223,279,256,241,83,130,192,242,89,16,25,203,121,202,287,291,85,54,266,284,101,140,156,144
237,21,1,11,161,46,40,38,240,36,8,158,289,106,107,214,239,160,250,253,176,197,65,114,123,184,189,58,105,167,260,159,259,268,90,272,104,30,220,228,280,71,35,34,49,169,99,79,137,109,175,196,73,20,42,103,10,7,271,119,14,174,75,269,47,63,121,122,98,28,301,163,83,206,56,131,282,281,113,77,27,285,212,275,181,43,93,191,299,183,235,132,182,22,284,140,117,66,82,57,207,97,92,111,124,144,85,141,198,186,32,256,31,171,210,185,225,64,177,229,142,283,209,290,41,87,153,300,101,37,279,291,24,215,295,125,5,156,26,89,76,304,219,110,29,249,233,302,292,100,45,134,194,81,96,151,51,216,143,213,86,204,231,152,120,263,60,246,230,17,218,67,257,0,248,54,270,3,133,69,164,227,155,236,303,165,192,2,178,128,150,50,118,241,293,211
30,129,36,149,21,215,289,28,23,13,10,26,46,143,186,57,126,179,175,109,196,169,108,295,140,291,225,99,72,49,137,168,90,298,146,133,20,302,84,107,158,106,155,103,93,237,157,171,73,251,226,199,78,259,58,187,159,95,184,74,268,189,160,161,65,176,239,204,233,117,246,249,131,182,281,142,270,80,68,164,292,45,202,153,231,290,60,18,64,82,94,181,185,156,287,174,191,274,265,210,205,34,244,296,255,88,56,188,96,51,110,66,15,252,300,134,262,113,83,194,121,97,183,27,294,76,139,242,209,150,50,165,284,193,145,130,162,35,235,304,269,92,70,119,55,276,127,177,40,278,63,86,288,53,75,25,223,257,116,271,211,69,263,178,22,0,293,241,43,54,9,301,39,5,111,87,216,154,47,132,267,38,141,144,203,283,275,266,125,100,230,24,3,147,206,192
8,39,32,38,133,30,106,20,149,46,37,142,234,72,109,99,21,61,289,168,228,49,137,126,212,171,155,103,208,93,285,73,170,135,24,163,129,181,123,108,179,280,169,302,240,196,272,218,141,295,221,120,104,107,237,304,138,158,166,159,144,146,186,161,259,268,91,270,286,184,187,58,65,114,253,105,167,189,251,260,250,173,56,195,140,205,12,224,51,293,96,80,14,101,29,255,17,92,40,227,44,262,248,230,83,35,290,217,87,48,152,291,0,300,97,55,145,292,269,223,284,127,209,125,116,266,258,131,274,296,188,174,185,75,81,76,26,172,50,27,263,264,278,70,2,225,238,16,297,43,3,132,45,121,241,207,147,28,243,198,204,117,134,98,242,52,202,153,9,275,273,232,245,68,85,63,94,15,69,33,41,265,194,267,111,303,22,257,182,122,201,18,115,54,288,211
38,222,4,32,7,104,168,190,186,141,295,57,169,67,280,218,30,21,108,120,99,72,90,84,61,89,73,149,8,158,46,110,220,109,196,126,240,179,166,106,212,42,157,93,155,285,107,20,192,128,184,251,268,259,173,260,78,167,58,123,180,76,27,95,105,176,286,239,214,226,51,296,29,269,297,117,5,213,191,224,271,257,96,2,86,64,232,44,300,216,205,121,227,288,152,138,19,47,113,183,75,219,182,247,235,225,304,154,36,142,153,132,207,231,82,147,54,134,101,245,248,194,230,98,193,233,301,35,48,52,287,17,68,202,291,124,31,177,254,14,236,26,56,24,262,60,15,88,206,249,94,185,25,83,33,203,292,284,165,62,116,294,125,238,162,266,80,50,256,241,118,283,22,63,130,85,264,210,211,252,41,244,229,273,1,115,16,201,97,81,265,45,119,255,246,258
46,11,7,272,196,146,109,99,126,90,220,168,228,240,169,49,79,179,72,10,13,298,141,295,143,221,186,302,175,137,280,135,289,8,107,149,4,106,57,166,73,157,208,171,222,285,102,155,163,20,259,89,120,71,214,144,218,38,114,95,250,199,78,260,159,251,123,189,65,197,176,91,253,58,160,268,286,105,184,187,287,6,40,17,100,101,113,153,225,33,1,35,188,62,142,37,183,138,267,213,258,247,278,246,85,64,277,274,75,98,193,303,211,227,48,301,164,147,204,124,118,206,232,300,178,132,281,276,248,231,0,154,292,235,60,152,36,229,283,16,294,279,43,207,203,224,216,128,270,83,115,27,271,256,174,81,129,192,195,156,299,201,194,86,177,77,275,257,80,54,110,24,3,121,244,217,44,26,182,66,76,243,51,245,47,191,282,29,296,205,145,230,304,264,252,19
38,149,170,32,173,197,268,105,259,199,65,184,11,237,120,67,298,71,89,146,295,114,123,260,74,23,10,30,95,13,159,4,135,171,225,137,126,220,99,272,175,228,79,280,49,72,166,93,222,155,136,208,212,148,20,84,61,107,103,106,273,291,115,160,134,274,195,94,205,275,301,219,153,292,2,254,248,88,37,183,300,22,16,34,36,121,68,202,44,287,156,124,282,100,182,129,263,264,50,47,191,142,216,270,48,304,211,235,70,3,288,257,26,201,0,181,131,15,227,127,299,98,117,261,210,128,267,296,112,1,243,139,151,132,12,130,150,41,279,178,66,258,265,40,266,43,62,223,278,203,188,174,290,81,297,96,246,69,83,28,303,204,177,35,87,18,80,245,217,162,206,293,276,231,241,55,163,200,27,6,284,165,224,192,56,138,230,39,152,242,52,262,215,51,54,207
149,46,4,21,73,170,8,84,107,222,214,79,65,123,239,196,32,23,10,7,220,175,49,168,108,109,234,72,42,102,237,93,106,253,95,74,146,11,184,189,285,155,208,157,148,136,163,173,226,167,105,159,259,129,20,250,180,286,199,260,158,270,135,183,218,71,133,47,59,245,233,31,18,174,227,291,261,267,246,290,296,110,127,300,210,211,33,288,247,287,265,83,36,19,39,190,57,293,25,178,24,1,96,76,85,195,5,87,80,213,40,282,34,140,193,86,297,274,249,209,156,147,266,263,98,152,230,63,177,27,206,275,145,67,294,43,281,223,28,224,12,54,92,44,64,216,298,262,292,231,277,207,269,38,299,75,122,6,70,60,283,15,77,182,37,118,165,66,238,264,153,279,142,131,198,304,273,45,89,144,48,22,17,0,139,88,164,82,191,81,204,229,94,201,271,185
40,9,8,149,30,57,11,167,13,197,31,7,23,228,146,168,5,12,141,144,133,104,71,108,221,272,148,4,120,21,99,179,240,220,90,234,109,169,159,158,208,222,155,171,212,67,250,91,160,107,102,32,143,218,42,65,253,226,286,114,173,78,268,260,95,259,239,74,20,38,135,166,251,180,84,210,77,101,85,129,100,292,147,252,213,216,256,207,41,224,132,118,34,39,82,134,116,181,172,128,219,62,18,231,3,50,115,16,290,206,257,112,236,76,293,63,140,15,19,200,204,22,17,35,265,284,241,227,150,156,44,195,242,215,81,201,247,53,88,300,230,243,271,225,28,161,244,276,299,33,246,258,97,163,182,274,154,83,192,264,117,178,51,66,177,70,2,48,68,262,122,45,296,37,217,165,297,75,304,267,29,235,54,203,283,205,69,277,287,124,269,125,263,86,145,131
30,2,41,35,149,23,120,13,10,12,234,272,109,49,196,72,99,179,137,108,168,89,221,302,8,52,60,76,87,295,141,186,144,298,67,143,38,107,61,136,212,155,148,103,20,222,208,166,157,171,285,66,164,84,42,158,264,237,140,304,197,110,3,176,78,259,180,105,65,118,167,91,95,193,27,260,213,187,184,251,253,239,123,173,114,162,116,256,269,132,44,233,147,182,29,242,191,53,297,282,216,202,150,257,261,172,224,254,290,247,56,81,192,217,5,43,45,284,235,194,59,219,100,117,15,37,262,241,185,278,198,85,26,293,303,292,279,19,111,267,77,86,82,154,16,163,139,223,156,55,24,34,0,245,281,119,69,227,122,181,244,238,31,236,296,63,153,215,138,271,39,101,300,206,70,299,201,252,270,276,134,165,80,121,113,1,263,131,205,112,64,145,275,288,127,75
46,21,1,149,187,155,264,163,123,157,56,171,148,226,38,176,40,8,106,289,180,268,105,250,114,184,74,91,159,228,79,10,160,23,7,272,67,240,179,168,41,35,143,146,186,234,49,220,108,137,169,4,222,259,141,295,120,251,84,61,73,103,166,285,135,32,162,20,71,110,52,125,288,223,76,22,51,278,246,202,94,283,248,19,5,287,80,25,97,258,88,270,154,299,81,293,101,296,243,193,115,83,31,265,297,249,104,198,29,118,127,282,279,242,139,216,48,291,205,255,233,129,70,152,161,207,128,156,151,277,9,96,64,219,0,89,232,16,47,116,194,150,275,257,229,82,144,298,131,77,75,12,281,113,209,62,132,292,284,204,53,203,181,54,261,183,134,294,290,300,269,3,191,24,182,303,153,15,63,271,147,92,266,68,122,85,6,2,227,235,174,276,138,60,121,192
9,289,11,21,38,170,221,46,190,71,186,14,26,4,136,148,102,253,78,285,103,157,212,155,208,286,42,184,222,126,137,74,114,58,180,239,123,105,268,259,159,251,197,168,179,90,146,10,240,49,272,99,234,79,158,23,30,35,200,140,152,96,269,154,292,230,267,229,36,206,37,39,274,113,264,262,299,204,48,111,110,192,127,139,82,128,291,118,133,181,18,256,101,67,172,132,223,249,231,153,261,97,50,66,203,201,125,70,281,263,290,227,288,121,255,298,211,248,1,59,19,15,89,45,60,141,57,161,225,88,129,202,134,297,233,142,279,22,302,295,76,278,145,266,25,80,43,243,68,44,131,276,33,41,17,207,241,218,2,277,254,143,117,191,303,54,183,282,271,301,31,86,257,185,94,51,151,209,193,24,64,258,52,194,304,215,287,178,3,5,130,85,188,116,100,232
38,30,149,32,13,240,72,280,10,186,295,190,221,71,23,7,108,133,49,109,175,99,90,220,196,222,46,61,289,84,42,106,135,155,208,157,103,93,20,107,166,250,167,286,180,114,89,67,57,184,105,214,251,160,253,78,74,65,187,239,91,95,73,237,129,120,104,288,213,15,18,244,161,273,296,147,130,177,1,75,276,37,50,77,301,193,304,96,207,88,281,211,14,19,252,231,138,263,290,248,215,35,45,115,242,238,274,156,201,278,232,68,101,80,275,22,83,235,100,256,28,125,247,225,191,48,172,141,218,98,119,287,66,51,183,185,85,43,140,270,40,300,76,60,62,283,122,2,5,188,293,233,192,205,6,31,264,131,47,87,52,291,255,153,86,0,33,34,25,134,174,282,271,198,210,151,81,121,142,236,59,27,117,150,203,36,216,63,269,284,297,41,200,154,64,303
8,32,7,228,289,10,30,239,4,21,11,220,72,179,149,120,280,222,186,240,169,99,137,49,175,84,42,158,187,78,286,58,114,95,65,226,167,184,123,199,260,105,259,251,189,268,159,250,176,173,73,157,102,135,212,148,166,171,93,279,125,163,122,80,39,57,215,52,300,230,63,146,70,5,3,155,136,154,205,87,296,185,200,216,92,303,204,144,284,51,77,156,83,55,50,201,86,131,238,162,227,266,219,130,85,35,282,66,111,56,25,76,112,64,181,190,277,81,62,218,242,301,150,16,295,142,206,290,22,177,15,164,67,17,267,18,203,188,271,43,225,94,257,261,129,100,274,298,26,243,54,183,104,202,210,113,244,48,127,270,258,145,31,88,297,287,141,44,165,6,9,281,33,34,241,143,118,288,217,119,174,252,209,245,269,128,293,138,124,224,273,75,263,193,101,213
137,289,49,46,149,4,21,8,7,32,95,280,220,272,179,169,186,90,295,79,57,228,190,89,298,71,218,141,302,10,23,38,84,73,237,170,106,109,99,126,72,222,157,208,93,253,173,123,214,114,135,103,273,213,166,164,65,91,105,250,286,159,160,251,199,259,176,226,167,78,239,268,58,189,197,187,212,61,136,155,285,102,161,62,55,264,11,235,40,15,219,271,53,36,5,70,139,279,132,59,124,209,116,231,205,288,17,287,43,236,192,202,225,117,47,204,252,233,301,52,119,284,248,224,26,150,195,267,110,98,45,255,19,277,81,54,172,291,12,238,1,48,113,0,127,165,191,151,9,278,39,177,261,130,31,85,6,206,25,244,41,37,299,182,282,118,82,16,87,134,142,154,303,249,18,229,216,75,64,122,281,283,198,276,100,156,188,96,262,304,227,101,201,232,294,243
149,289,8,159,10,184,214,65,189,253,91,250,180,259,7,13,23,143,38,302,144,71,298,221,57,4,272,133,220,99,196,72,228,295,90,186,168,190,11,222,170,21,237,169,126,137,240,108,166,73,61,84,107,135,212,42,285,208,155,157,102,115,58,268,123,193,167,134,199,74,286,197,29,2,22,15,301,80,238,1,279,270,24,151,12,231,267,147,217,265,153,129,219,43,121,255,281,19,206,165,204,16,145,292,3,40,256,85,9,142,191,244,277,75,162,181,150,227,51,245,271,303,35,127,87,128,262,60,131,195,112,188,25,232,82,230,130,152,203,242,246,47,66,304,33,41,254,52,76,77,31,28,86,56,113,207,5,70,273,50,54,14,261,266,223,118,216,96,154,282,100,125,209,276,6,257,211,183,39,248,202,111,174,37,291,275,116,225,182,119,156,92,296,124,293,101
40,3,11,170,8,7,32,129,148,171,149,30,36,260,95,218,67,295,190,141,71,186,144,120,143,104,57,82,211,126,220,49,234,72,99,109,286,251,259,91,114,196,240,280,168,4,58,250,105,21,239,173,176,65,106,93,197,160,268,159,214,78,189,226,84,107,135,208,237,102,61,157,42,20,142,161,62,138,88,130,264,9,121,86,291,174,263,77,41,1,203,247,83,296,154,31,24,52,303,153,242,204,230,111,27,117,235,236,172,216,207,37,18,210,29,238,140,54,98,45,80,232,182,112,50,275,125,68,60,101,132,33,43,192,25,51,85,0,288,183,198,122,229,188,271,97,66,139,15,150,200,55,195,16,118,152,70,17,266,301,245,39,213,281,224,12,255,81,241,113,96,299,162,147,246,185,181,110,243,231,265,193,252,87,294,209,277,177,258,205,262,34,293,163,284,116
21,3,38,163,28,217,103,289,170,23,149,40,196,213,144,34,35,192,57,295,120,221,79,218,109,234,99,175,240,123,126,184,74,214,30,280,169,228,137,108,179,10,4,143,104,186,71,73,46,107,158,155,93,157,136,138,148,171,61,84,166,91,95,286,259,58,160,78,197,268,105,260,159,199,176,226,279,43,275,81,47,297,206,249,76,219,16,151,22,203,202,177,258,88,248,17,39,145,181,165,37,125,174,98,257,238,29,236,96,142,233,55,254,261,185,86,116,227,191,245,204,223,178,153,162,281,131,100,87,150,164,224,41,201,97,132,1,292,207,92,276,9,115,247,296,45,121,113,111,0,172,231,193,129,293,291,134,182,256,304,130,62,6,140,195,273,2,294,161,12,18,24,215,229,235,241,283,75,94,127,59,15,264,290,252,48,274,36,156,299,122,50,53,68,300,54
39,31,4,133,22,26,11,304,270,56,170,123,13,160,108,30,190,302,197,67,10,199,91,239,126,196,228,89,218,57,149,72,143,144,32,273,266,87,166,209,234,220,240,99,79,109,84,237,107,184,268,173,136,171,103,58,259,159,42,20,167,157,208,93,253,286,189,251,114,250,158,212,263,27,94,98,28,256,238,296,271,36,0,92,192,121,154,232,150,269,267,248,153,177,100,241,115,287,82,247,117,24,257,206,52,12,40,96,278,131,54,303,50,165,53,174,37,118,16,293,204,219,183,25,198,261,265,258,34,47,15,163,134,182,64,181,101,202,161,116,68,203,246,41,201,19,81,132,1,297,275,140,138,151,282,128,279,156,283,292,139,76,44,290,281,162,299,243,130,18,195,205,62,235,288,111,51,33,276,43,2,291,112,29,66,127,191,60,224,254,200,229,9,252,14,88
40,149,4,38,71,37,161,289,30,46,36,162,267,8,118,72,79,272,13,108,120,23,228,104,207,269,82,99,234,179,280,109,169,220,137,102,57,73,103,107,20,32,212,84,260,143,218,146,180,89,190,133,302,295,197,160,189,176,199,65,187,214,251,58,226,74,239,105,173,91,78,253,204,3,98,139,178,274,59,70,262,34,202,130,275,256,211,17,255,304,177,2,131,287,5,192,51,209,203,206,64,188,296,15,81,279,14,136,76,111,77,28,232,85,68,273,41,231,164,215,171,110,185,210,195,44,191,265,301,293,150,290,147,244,113,266,18,281,249,230,165,129,63,116,45,112,101,276,100,198,217,119,94,229,225,83,246,252,285,27,96,47,294,1,254,97,183,297,155,208,22,6,243,282,128,235,288,213,245,86,153,122,16,278,87,172,124,236,55,121,0,19,35,194,12,258
106,149,4,32,30,10,184,260,123,37,138,177,289,7,23,11,169,8,220,196,175,108,228,67,79,218,109,240,49,179,168,234,280,135,170,21,107,190,144,143,57,186,89,298,120,73,166,136,93,148,222,285,103,155,212,20,3,114,250,78,189,253,239,91,159,176,58,226,167,105,259,199,160,74,45,52,43,287,254,40,291,115,18,33,29,35,41,70,264,87,130,124,231,188,242,145,54,219,247,235,59,48,19,205,127,230,5,165,96,278,47,273,63,304,215,213,116,275,121,238,303,164,296,112,178,98,206,194,301,60,258,131,200,267,263,277,245,25,100,117,185,132,191,162,274,9,293,31,244,28,241,81,223,150,161,55,2,203,17,101,290,97,283,271,297,195,24,147,1,269,282,153,66,34,262,229,14,292,211,15,92,193,16,140,156,12,192,64,204,210,202,207,299,110,125,261
21,38,46,148,289,7,8,3,42,170,91,199,180,159,214,58,167,78,268,184,105,160,114,250,286,253,123,259,251,260,95,67,295,166,149,107,84,237,222,285,102,93,106,135,136,208,155,212,20,220,161,272,99,72,240,79,168,179,169,108,57,234,71,230,40,195,45,66,22,201,279,198,296,119,216,115,218,146,125,231,264,121,1,302,15,26,37,18,223,70,257,206,77,293,86,255,186,174,9,297,209,150,96,41,131,192,76,265,75,127,94,132,182,39,145,80,47,202,298,152,181,16,164,178,124,62,151,261,101,217,207,48,303,191,111,229,50,55,92,130,52,281,162,12,258,299,254,113,273,100,290,204,60,35,2,194,53,153,248,88,69,269,128,97,183,120,118,51,14,252,283,221,134,271,172,43,33,225,147,29,300,244,284,291,156,275,266,163,238,142,89,232,31,235,287,24
46,0,11,289,32,186,8,109,49,90,137,234,108,72,169,168,295,220,240,10,42,259,166,136,148,208,253,159,160,84,73,222,157,212,93,144,57,143,302,67,260,106,171,190,89,133,298,218,141,20,237,176,187,95,123,91,155,285,138,264,135,303,140,213,226,58,65,199,239,286,173,189,184,118,279,110,271,172,81,69,195,113,274,100,17,287,182,76,164,130,2,34,229,263,188,269,154,41,201,161,24,121,244,249,92,231,293,203,223,267,54,204,194,215,232,115,62,39,80,51,3,122,270,165,33,205,235,153,233,85,129,48,207,132,178,36,301,6,238,55,156,151,304,242,18,246,63,225,265,243,281,216,77,53,185,241,22,211,37,75,26,177,125,266,45,43,297,25,27,252,16,82,224,288,88,87,28,296,66,181,230,236,56,254,147,245,14,12,60,299,276,261,68,59,1,139
27,38,21,10,37,175,213,228,168,56,170,7,128,133,190,57,218,144,71,120,280,289,143,89,67,295,126,240,99,49,137,58,167,259,13,109,8,4,23,30,135,149,42,78,180,239,272,72,179,79,166,102,107,208,237,11,140,171,158,20,286,159,91,198,122,119,222,103,105,173,123,95,189,69,199,214,197,193,226,250,93,136,155,157,304,270,62,163,55,138,235,262,16,255,31,113,195,92,254,236,97,9,278,151,154,34,206,111,117,279,217,201,50,33,35,300,178,60,75,80,185,134,153,101,188,257,246,132,243,192,297,156,6,17,0,96,41,39,2,267,172,263,252,68,45,231,266,63,296,183,225,181,249,118,230,86,200,227,53,5,121,256,87,145,283,233,301,191,276,150,258,98,129,303,204,28,165,112,130,48,81,269,209,125,66,110,211,224,116,12,264,40,292,18,207,44
107,21,170,10,67,13,23,291,302,8,61,4,106,285,149,148,171,102,46,175,196,280,57,109,169,90,144,143,298,120,133,186,89,104,32,99,108,234,72,79,110,49,272,168,193,158,73,93,166,212,84,42,224,164,225,3,78,226,286,114,180,259,167,134,95,119,184,91,268,176,260,58,197,65,74,217,199,251,189,208,279,205,296,292,254,231,41,202,88,9,236,301,181,86,39,15,207,154,33,229,150,62,115,163,94,248,37,16,85,235,300,76,188,177,97,174,303,252,227,112,278,243,238,200,116,101,52,100,201,1,92,245,195,192,69,151,258,43,55,257,132,14,206,156,264,125,162,178,267,153,75,68,161,36,113,82,138,122,271,121,131,297,275,210,152,50,47,142,53,22,147,5,81,213,172,299,269,215,216,28,24,247,66,287,185,198,223,219,127,241,128,233,44,209,17,232
36,11,20,8,170,285,40,281,45,213,108,149,151,148,208,155,93,212,224,298,4,289,225,186,57,302,190,295,146,179,218,79,104,280,71,228,243,162,118,168,10,13,30,7,90,126,137,109,72,196,240,272,84,166,46,135,61,81,87,66,0,260,76,3,197,258,110,193,180,259,273,300,173,199,105,251,184,159,78,114,214,187,58,268,171,102,157,103,51,242,31,245,299,12,15,194,223,154,75,241,183,216,33,35,293,63,256,80,195,252,227,138,185,163,50,271,124,68,2,55,47,204,231,288,19,129,17,182,249,290,263,207,161,200,85,277,210,86,246,278,202,275,112,134,121,304,219,283,229,262,147,174,177,284,153,211,9,97,122,232,192,267,191,238,145,94,6,181,5,206,82,18,26,70,301,48,34,172,14,64,125,264,142,215,132,131,205,255,236,156,270,77,59,292,25,188
8,40,20,289,190,38,267,89,11,148,149,36,21,158,91,226,214,74,189,23,232,261,144,13,7,10,4,135,103,27,302,221,186,141,67,71,143,120,179,220,240,109,126,234,108,169,272,72,79,175,49,99,196,137,166,285,157,212,155,93,208,106,107,118,61,270,237,129,73,130,65,260,159,160,286,105,58,253,176,239,123,283,254,210,265,117,28,297,5,245,124,299,174,122,44,198,275,70,88,304,55,244,138,163,274,81,64,219,115,294,229,111,76,52,252,60,6,224,113,242,247,2,191,233,132,202,96,205,243,66,9,87,215,273,29,292,200,140,68,80,290,225,279,266,271,17,15,301,192,35,277,194,125,257,18,236,24,1,101,85,92,127,16,63,14,291,256,193,62,161,54,33,77,12,83,156,263,69,128,48,207,230,153,211,185,98,287,293,262,47,227,203,19,152,145,154
149,170,46,58,189,286,259,95,114,228,23,8,32,72,49,79,280,196,4,234,108,137,109,220,272,168,90,10,250,199,123,180,268,21,166,93,298,144,186,190,57,143,120,141,218,104,105,260,78,239,222,171,38,84,237,106,155,136,102,148,208,61,20,107,138,60,248,267,64,129,246,294,215,2,121,278,132,183,100,219,255,229,83,34,111,9,12,299,59,51,177,87,242,244,185,200,6,14,130,281,291,256,263,19,86,116,22,194,198,36,172,252,271,165,48,96,127,82,287,15,303,227,28,154,85,238,304,25,122,125,145,269,201,55,216,209,151,204,279,92,301,156,213,284,195,5,211,115,1,262,233,16,75,288,300,243,128,63,117,26,247,296,37,77,206,18,113,276,205,224,257,88,124,231,207,27,44,69,264,152,40,245,56,210,181,277,225,223,283,70,81,33,110,101,290,150
10,106,289,11,13,7,28,32,137,179,228,21,266,164,109,126,169,175,72,99,272,49,240,108,135,46,8,42,149,104,107,61,190,218,120,158,93,237,136,208,155,285,212,157,148,251,214,250,74,65,197,239,146,84,222,62,56,162,259,298,57,38,114,260,300,187,189,159,224,58,160,105,173,78,199,91,184,261,275,6,36,17,112,154,205,172,284,216,243,22,256,202,191,47,51,52,121,255,288,274,254,296,92,271,41,213,215,252,9,181,68,44,24,269,235,150,223,257,248,297,178,233,140,60,39,183,152,18,115,54,217,238,76,278,87,294,193,3,131,94,96,29,290,267,303,132,194,292,40,156,48,0,50,75,97,128,225,53,118,209,207,122,113,77,110,70,27,142,174,82,16,195,163,119,210,245,111,304,26,299,229,12,279,227,125,25,204,127,230,37,246,129,242,287,66,19
3,11,36,158,21,32,104,8,79,232,120,234,72,240,196,137,220,109,175,179,30,23,13,10,166,170,4,84,106,107,222,42,157,102,103,237,239,71,285,148,136,171,155,93,20,123,190,186,221,286,78,95,184,187,226,167,251,268,259,176,173,160,58,189,253,105,74,263,177,31,60,163,62,204,247,5,0,9,200,162,161,1,304,69,194,227,288,94,249,219,2,132,28,198,39,77,299,211,131,22,140,217,265,271,35,262,19,24,118,238,6,296,206,156,122,92,40,68,291,45,243,256,130,12,81,17,101,64,111,164,301,34,143,244,193,57,282,281,75,37,76,202,290,209,215,154,236,151,110,27,100,172,82,115,43,41,188,270,245,48,98,303,59,241,16,44,279,267,284,83,203,261,134,233,274,287,142,125,207,231,185,87,145,210,258,66,283,302,38,181,182,298,218,121,264,252
7,32,11,289,149,221,4,89,298,38,141,21,104,67,57,186,272,143,144,146,295,280,23,8,73,46,84,42,13,10,168,193,175,196,90,234,79,99,240,137,228,109,199,95,160,58,250,159,176,167,65,114,286,251,123,239,74,266,78,180,189,187,226,155,208,285,212,93,102,0,172,299,211,64,182,43,270,301,156,40,192,33,16,34,35,81,47,83,191,37,147,216,36,2,110,233,150,54,188,269,241,101,195,128,1,205,145,55,256,134,229,198,92,130,100,22,213,5,282,69,94,230,292,202,271,238,236,252,297,223,82,88,132,291,51,85,115,207,96,77,300,194,165,117,217,235,9,24,304,261,249,14,19,131,225,279,206,48,87,124,174,273,118,283,248,41,68,277,153,66,296,119,257,45,274,31,116,232,201,181,56,113,151,219,62,204,50,152,44,163,125,111,140,121,17,18
